id,conversation_id,date,time,tweet,language,timestamp
1318133311026454528,1318131037352976389,2020-10-19,12:14:05,"@RuchNarodowy @PiotrRSzymanski @krzysztofbosak W demokracji polityk moÅ¼e kraÅ›Ä‡ bez konsekwencji karnych, wiÄ™c to dobra linia obrony. W ""Kawie na Å‚awÄ™"" to wÅ‚aÅ›nie jest meritum sprawy, wskazywanie ""nadzwyczajnej sekcie"" w jakim kierunku ma iÅ›Ä‡ orzecznictwo w odniesieniu do pupili.",pl,2020-10-19 12:14:05
1318129811827601410,1318128341543768065,2020-10-19,12:00:11,@RuchNarodowy Co siÄ™ udaÅ‚o osiÄ…gnÄ…Ä‡?,pl,2020-10-19 12:00:11
1317924517482844160,1317496467985227776,2020-10-18,22:24:25,@RuchNarodowy @KONFEDERACJA_ @RobertWinnicki Jak by nie byÅ‚o telewizyjno-politycznej scamdemii nie byÅ‚o by problemu. Covido-tÅ‚uki sa winne tak samo jak rzad i media za ten baÅ‚agan.,pl,2020-10-18 22:24:25
1317922171650453510,1317496467985227776,2020-10-18,22:15:06,@RuchNarodowy @KONFEDERACJA_ @RobertWinnicki  https://t.co/KoeRZ5Zrh4,und,2020-10-18 22:15:06
1317906147760889858,1317424518349115392,2020-10-18,21:11:25,"@RuchNarodowy @RSzczecinDF macie przedstawicielstwo w krajach benelux , prosze o kontakt ............",pl,2020-10-18 21:11:25
1317883405816811520,1317718303394033665,2020-10-18,19:41:03,@RuchNarodowy @KONFEDERACJA_ @urbaniak_michal @wywiadowkaGD @TVPGdansk Ugrupowanie polonijne z Pensylwanii â€PA Polish Americans for TRUMPâ€ wziÄ™Å‚o udziaÅ‚ w rajdzie-manifestacji dla poparcia reelekcji Donalda Trumpa na prezydenta USA. Przybyli z biaÅ‚o-czerwonymi flagami umocowanymi na samochodach i motocyklach. Przedstawiciele Polonii do Bidena:,pl,2020-10-18 19:41:03
1317882619393179648,1317725853363568640,2020-10-18,19:37:56,@RuchNarodowy Ugrupowanie polonijne z Pensylwanii â€PA Polish Americans for TRUMPâ€ wziÄ™Å‚o udziaÅ‚ w rajdzie-manifestacji dla poparcia reelekcji Donalda Trumpa na prezydenta USA. Przybyli z biaÅ‚o-czerwonymi flagami umocowanymi na samochodach i motocyklach. Przedstawiciele Polonii do Bidena:,pl,2020-10-18 19:37:56
1317880825631956993,1317722078200569857,2020-10-18,19:30:48,@RuchNarodowy Ugrupowanie polonijne z Pensylwanii â€PA Polish Americans for TRUMPâ€ wziÄ™Å‚o udziaÅ‚ w rajdzie-manifestacji dla poparcia reelekcji Donalda Trumpa na prezydenta USA. Przybyli z biaÅ‚o-czerwonymi flagami umocowanymi na samochodach i motocyklach. Przedstawiciele Polonii do Bidena:.....,pl,2020-10-18 19:30:48
1317876533915209731,1317710753592451074,2020-10-18,19:13:45,@RuchNarodowy @RobertWinnicki Ugrupowanie polonijne z Pensylwanii â€PA Polish Americans for TRUMPâ€ wziÄ™Å‚o udziaÅ‚ w rajdzie-manifestacji dla poparcia reelekcji Donalda Trumpa na prezydenta USA. Przybyli z biaÅ‚o-czerwonymi flagami umocowanymi na samochodach i motocyklach. Przedstawiciele Polonii do Bidena:,pl,2020-10-18 19:13:45
1317804105709113344,1317466137618153478,2020-10-18,14:25:57,@RuchNarodowy @wrealu24_pl @krzysztofbosak minus za tÄ… maseczke,pl,2020-10-18 14:25:57
1317791933360726016,1317466137618153478,2020-10-18,13:37:34,"@RuchNarodowy @krzysztofbosak @wrealu24_pl jakiego ""wzrostu pacjentow""? przeciez to jest ""falszywa pandemia"". I co moje oczy widza- pan Bosak, wolnosciowiec w ""namordniku""?",pl,2020-10-18 13:37:34
1317754381719261185,1317710753592451074,2020-10-18,11:08:21,"@RuchNarodowy @RobertWinnicki Kto ma zawetowaÄ‡, ten tchÃ³rz? Przeciwko naczelnemu bolszewikowi?PrzecieÅ¼ on siÄ™ boi w domu poprosiÄ‡ o dolewkÄ™ zupy. Jakby wznosiÄ‡ miaÅ‚ banderowskie okrzyki, to tak, to potrafi.",pl,2020-10-18 11:08:21
1317739355960651776,1317737178919661568,2020-10-18,10:08:39,"@RuchNarodowy Nie no sory, ale gÃ³rnictwo to jest niestety do zamkniecia. JuÅ¼ kopalnie sÄ… nierentowne i bezsensowne, nie mowiac o klimacie. RatowaÄ‡ trzeba Å›rodowisko, bo wszyscy padniemy",pl,2020-10-18 10:08:39
1317728805214105600,1317714529380225024,2020-10-18,09:26:44,@RuchNarodowy @MichalJelonek @PUsiadek Nie ma istotnego znaczenia po wygranych wybiorach przez Bidena podeÅ›lÄ… innego skrÄ™conego lewaka.,pl,2020-10-18 09:26:44
1317726831282409472,1317722078200569857,2020-10-18,09:18:53,"@RuchNarodowy cÃ³Å¼, mam rodzinÄ™ rolnikÃ³w na Podkarpaciu, cytujÄ…c jednego z moich kuzynÃ³w a wiem Å¼e wszyscy majÄ… takie samo zdanie ""mam nadziejÄ™ Å¼e ci pro przyjdÄ… do mnie to im piekÅ‚o zgotujÄ™""",pl,2020-10-18 09:18:53
1317726365458796544,1317710753592451074,2020-10-18,09:17:02,"@RuchNarodowy @RobertWinnicki A ja Å¼Ä…dam, Å¼eby bandyckie postulaty Konfederacji nie pojawiaÅ‚y siÄ™ w przestrzeni publicznej!",pl,2020-10-18 09:17:02
1317704088432377856,1317466137618153478,2020-10-18,07:48:31,@RuchNarodowy @wrealu24_pl @krzysztofbosak zdejmij namordnik ciulu...,sl,2020-10-18 07:48:31
1317703256328515584,1317466137618153478,2020-10-18,07:45:12,@RuchNarodowy @PiotrRSzymanski @krzysztofbosak @wrealu24_pl Zdejm namordnik!,sl,2020-10-18 07:45:12
1317662217479868416,1317496467985227776,2020-10-18,05:02:08,"@RuchNarodowy @EndekDmoszczak @RobertWinnicki System zdrowia sparaliÅ¼owany przez was! Dalej krzyczcie, Å¼e nie ma pandemii matoÅ‚y!!",pl,2020-10-18 05:02:08
1317573888931450882,1317507210675654657,2020-10-17,23:11:09,"@RuchNarodowy @annabrylka Mam nadziejÄ™, Å¼e jak urzÄ™dnikÃ³w Hitlera w Norymberdze tak urzÄ™dnikÃ³w covida rozliczy niedÅ‚ugo miÄ™dzynarodowy i polski trybunaÅ‚ za zbrodnie przeciwko ludzkoÅ›ci i wÅ‚asnemu narodowi. Za szykanowanie ludzi strachem, za szykanowanie ludzi kwarantannami i wszelkimi innymi rodzajami.",pl,2020-10-17 23:11:09
1317543972269588480,1317466137618153478,2020-10-17,21:12:16,@RuchNarodowy @krzysztofbosak @wrealu24_pl Bosak w kagaÅ„cu wielka hipokryzja,pl,2020-10-17 21:12:16
1317531498917101568,1317461487082967044,2020-10-17,20:22:42,@RuchNarodowy @bosak2020 @krzysztofbosak @wrealu24_pl Wszystko ok ale maseczka bo ?! Sprzeczne informacje Pan Bosak wysyÅ‚a w tej kwestii .,pl,2020-10-17 20:22:42
1317524543251107842,1317496467985227776,2020-10-17,19:55:04,"@RuchNarodowy @RobertWinnicki A kto darÅ‚ ryja, Å¼e nie ma Å¼adnej pandemi Å¼eby nie nosiÄ‡ maseczek",pl,2020-10-17 19:55:04
1317509136582647808,1317466137618153478,2020-10-17,18:53:50,@RuchNarodowy @krzysztofbosak @wrealu24_pl Co on tak w tej masce popierdala wszÄ™dzie...na gÅ‚owÄ™ mu padÅ‚o?,pl,2020-10-17 18:53:50
1317508870898655239,1317496467985227776,2020-10-17,18:52:47,@RuchNarodowy @ZealTeresa @RobertWinnicki  https://t.co/wBLrQkmyUc,und,2020-10-17 18:52:47
1317508772433170432,1317496467985227776,2020-10-17,18:52:24,@RuchNarodowy @ZealTeresa @RobertWinnicki  https://t.co/iLj2XiYl5T,und,2020-10-17 18:52:24
1317508081522266114,1317507210675654657,2020-10-17,18:49:39,"@RuchNarodowy @annabrylka Spoko, zrozumiejÄ… jak przyjdzie im zapÅ‚aciÄ‡ 50 â‚¬ za kilogram kieÅ‚basy",pl,2020-10-17 18:49:39
1317505512355876864,1317496467985227776,2020-10-17,18:39:26,"@RuchNarodowy @RobertWinnicki Co ty wiesz o Å›mierci, dzieciaku, pleciesz duperele, bo tak musisz, czy rozwijasz kreatywne bajania?",pl,2020-10-17 18:39:26
1317489999101808643,1317466137618153478,2020-10-17,17:37:48,@RuchNarodowy @krzysztofbosak @wrealu24_pl Bosak Å›ciÄ…gnij te kurwa maseczkÄ™ !!!,pl,2020-10-17 17:37:48
1317470257402052609,1317466137618153478,2020-10-17,16:19:21,@RuchNarodowy @krzysztofbosak @wrealu24_pl Czy Pan Krzysztof naprawde musi paradowaÄ‡ w tej szmacie na ustach?,pl,2020-10-17 16:19:21
1317468130768310275,1317466137618153478,2020-10-17,16:10:54,@RuchNarodowy @Partia_KORWiN @krzysztofbosak @wrealu24_pl Dlaczego Bosak nosi maskÄ™ ?,pl,2020-10-17 16:10:54
1317466916580167681,1317466137618153478,2020-10-17,16:06:04,@RuchNarodowy @krzysztofbosak @wrealu24_pl Ten problem wlecze siÄ™ w Polsce przez kaÅ¼dÄ… formacjÄ™ politycznÄ… po 1990 roku. To oczywiÅ›cie uwaga merytoryczna a nie usprawiedliwianie PiS.,pl,2020-10-17 16:06:04
1317466876352540672,1317466137618153478,2020-10-17,16:05:55,@RuchNarodowy @krzysztofbosak @wrealu24_pl Znowu maseczka... Chroni siÄ™ przed redaktorem? ğŸ¤”,pl,2020-10-17 16:05:55
1317463710454157313,1317454995487379459,2020-10-17,15:53:20,@RuchNarodowy @krzysztofbosak Åadnie siÄ™ pan lansuje.  A czy juÅ¼ odwiedziÅ‚ pan mecenasa Giertycha? Bo teÅ¼ znalazÅ‚ w was wielkiego obroÅ„cÄ™.,pl,2020-10-17 15:53:20
1317455535856406528,1317454995487379459,2020-10-17,15:20:51,"@RuchNarodowy @krzysztofbosak WidzÄ™, Å¼e w dupie macie Konstytucje RP.",pl,2020-10-17 15:20:51
1317447705803841537,1317442494884466689,2020-10-17,14:49:44,@RuchNarodowy @krzysztofbosak ğŸ˜‚ğŸ˜‚ğŸ˜‚,und,2020-10-17 14:49:44
1317446012219379713,1317442494884466689,2020-10-17,14:43:00,@RuchNarodowy @krzysztofbosak Co tam robi Tanajno?,pl,2020-10-17 14:43:00
1317443385947492353,1317374174478979072,2020-10-17,14:32:34,@RuchNarodowy @RobertWinnicki Limity przyjÄ™Ä‡ na studia medyczne: 2015/16 - 3500 miejsc (rzÄ…d PO/PSL) RzÄ…d #PiS 2020/21 - ponad 9700 miejsc A politycy  Platformy prÃ³bujÄ… dziÅ› narzucaÄ‡ narracjÄ™... Frau schlÃ¤gt sich die Hand vors Gesicht,pl,2020-10-17 14:32:34
1317443219702022147,1317442494884466689,2020-10-17,14:31:55,"@RuchNarodowy @krzysztofbosak TÄ™ - tÄ™ pomoc, a nie tÄ…. Biernik, kogo? co? Kochane ruskie onuce, nauczcie siÄ™ polskiego, a bÄ™dziecie bardziej wiarygodne. Nie dziÄ™kujcie.",pl,2020-10-17 14:31:55
1317443018635563009,1317442494884466689,2020-10-17,14:31:07,@RuchNarodowy @krzysztofbosak bedzie cwiczyÅ‚ na drÄ…Å¼ku glupi dzban,pl,2020-10-17 14:31:07
1317434434866601984,1317424518349115392,2020-10-17,13:57:00,@RuchNarodowy Jestem gotowy- ale pod pewnymi warunkami-@KONFEDERACJA_ ma wiele narzÄ™dzi prawnych by podwaÅ¼yÄ‡ decyzjÄ™ rzÄ…du ws ich dziaÅ‚aÅ„ do tzw epidemii-dlaczego z nich nie korzysta?   https://t.co/ey55qkTRGN,pl,2020-10-17 13:57:00
1317429551157415937,1317429551157415937,2020-10-17,13:37:36,@RuchNarodowy @Partia_KORWiN @KONFEDERACJA_ @KoronyPolskiej PatrzÄ™ tylko w prawÄ… stronÄ™ ğŸ˜  https://t.co/yL4p2kSLix,pl,2020-10-17 13:37:36
1317421428355047427,1317378185873469443,2020-10-17,13:05:19,@RuchNarodowy @TudujKrzysztof Limity przyjÄ™Ä‡ na studia medyczne: 2015/16 - 3500 miejsc (rzÄ…d PO/PSL) RzÄ…d #PiS 2020/21 - ponad 9700 miejsc A politycy  Platformy prÃ³bujÄ… dziÅ› narzucaÄ‡ narracjÄ™... Frau schlÃ¤gt sich die Hand vors Gesicht,pl,2020-10-17 13:05:19
1317416641588809729,1317414473460744193,2020-10-17,12:46:18,"@RuchNarodowy @krzysztofbosak A to na pysku to co to i po co to? I czy chodzi o ocieplenie wizerunku  czy  globalne ocieplenie i tÄ… uzdÄ… Bosak zaraziÅ‚ siÄ™ od Korwina czy Korwin od Bosaka i czy nie boicie siÄ™, Å¼e Braun wyrzuci was z Konfederacji bo pomyÅ›li Å¼eÅ›cie zaraÅ¼eni plandemiÄ….",pl,2020-10-17 12:46:18
1317404954294976512,1317401232814768128,2020-10-17,11:59:51,@RuchNarodowy @krzysztofbosak Bosak Å›ciÄ…gnij ten kaganiec!,pl,2020-10-17 11:59:51
1317402028671442944,1317401232814768128,2020-10-17,11:48:14,@RuchNarodowy @krzysztofbosak Panie @krzysztofbosak jaki jest sens noszenia maski?,pl,2020-10-17 11:48:14
1317383214848147456,1317362049824051200,2020-10-17,10:33:28,"@RuchNarodowy @krzysztofbosak A czemu wiceprezes RN, poseÅ‚ @krzysztofbosak nie wziÄ…Å‚ udziaÅ‚u w Komisji Ustawodawczej nt. aborcji ?  https://t.co/RiiMsrjxUC",pl,2020-10-17 10:33:28
1317357743469170689,1317356864229748737,2020-10-17,08:52:16,"@RuchNarodowy @RobertWinnicki @krzysztofbosak Co jak co, ale kluby fitness zamykaÄ‡, kiedy tyle pasztetÃ³w na ulicy... ğŸ¤£",pl,2020-10-17 08:52:16
1317357556319268864,1317356864229748737,2020-10-17,08:51:31,@RuchNarodowy @RobertWinnicki @krzysztofbosak Tylko protest? Siekiery w dÅ‚oÅ„. Zajebali wam biznes. DosyÄ‡ kulturalnych negocjacji.,pl,2020-10-17 08:51:31
1317231610098573312,1317163139411156994,2020-10-17,00:31:03,@RuchNarodowy @WTumanowicz @RNMazowsze @StowMarszN SÅ‚uszna decyzja.,pl,2020-10-17 00:31:03
1317158783416717312,1317156445545238528,2020-10-16,19:41:40,@RuchNarodowy @PUsiadek  https://t.co/oCoOjhat9B,und,2020-10-16 19:41:40
1317157600908234752,1317156445545238528,2020-10-16,19:36:58,@RuchNarodowy @PUsiadek BZDURA,pl,2020-10-16 19:36:58
1317151430579466241,1317139802244976641,2020-10-16,19:12:27,"@RuchNarodowy @PUsiadek Problemem nie jest Mosbacher, problemem jest polski rzÄ…d ktÃ³ry nie jest w stanie przeciwstawiÄ‡ siÄ™ naciskom ambasadora z USA nawet gdy sÄ… tak bezczelne jak obecniem",pl,2020-10-16 19:12:27
1317130681823145988,1317003136771522560,2020-10-16,17:50:00,@RuchNarodowy @RobertWinnicki  https://t.co/7a1UbtStfJ,und,2020-10-16 17:50:00
1317102358023864320,1317101013715898368,2020-10-16,15:57:27,"@RuchNarodowy @krzysztofbosak Hegemonia tych przekonaÅ„ zaczyna powoli mieÄ‡ miejsce, a przekonania odwrotne (konserwatywne) sÄ… uznawane za niewÅ‚aÅ›ciwe i nieprzystajÄ…ce do nowoczesnego spoÅ‚eczeÅ„stwa. Naprzeciw lewicowego aktywizmu musi stanÄ…Ä‡ ten prawicowy - inaczej oni wygrajÄ….",pl,2020-10-16 15:57:27
1317097647300292608,1317096194703765505,2020-10-16,15:38:44,"@RuchNarodowy @krzysztofbosak Bo tylko tyle potraficie.  DuÅ¼o Å‚adnie i okrÄ…gÅ‚o gadaÄ‡.  Strona konserwatywna jak siebie okreÅ›lacie, chociaÅ¼ mam inne zdanie, potrafi tylko wygÅ‚aszaÄ‡ populistyczne hasÅ‚a Å¼eby zyskaÄ‡ naiwnych wyborcÃ³w.  To juÅ¼ byÅ‚o. Krzykacze najmniej zrobili.",pl,2020-10-16 15:38:44
1317097112300146688,1317090211235532800,2020-10-16,15:36:36,"@RuchNarodowy @krzysztofbosak Bosak ta ciota,niech siÄ™ wÅ‚asnÄ… dupÄ… zajmie.",pl,2020-10-16 15:36:36
1317091172859392001,1317090211235532800,2020-10-16,15:13:00,"@RuchNarodowy @krzysztofbosak To co robicie dla rolnikÃ³w jest bardzo waÅ¼ne. Ale nie rozdrabniajcie siÄ™ na drobne. Nie zapominajcie Å¼e  kaÅ¼dego dnia morduje siÄ™ w Polsce nienarodzone dzieci. KKK mÃ³wi, Å¼e to ""grzech woÅ‚ajÄ…cy o pomstÄ™ do Nieba"".",pl,2020-10-16 15:13:00
1317086565223497729,1317059842973065216,2020-10-16,14:54:42,"@RuchNarodowy @PiotrWarszawa30 @KONFEDERACJA_ Niech pierw stworzÄ… warunki a potem wyzysk.Rodzina to nie tylko doroÅ›li i dzieci, lecz doroÅ›li prowadzÄ…cy gospodarstwa. Czasami dwa samochody sÄ… w rodzinie, bo do pracy trzeba dojechaÄ‡. Nie wiem, czy ktoÅ› chciaÅ‚by trzy razy przesiadaÄ‡ siÄ™ jadÄ…c do niej,a potem powrÃ³t.",pl,2020-10-16 14:54:42
1317049597366239240,1317045437916979200,2020-10-16,12:27:48,"@RuchNarodowy @polskalogiczna @RobertWinnicki To moÅ¼e oszoÅ‚omy podziÄ™kujcie sobie za takie restrukcje wywoÅ‚ane min. "" Piwo z ....oszolomem z Konfederacji"" na wakacjach. Nie ma na ten moment alternatywy. I takie konferencjÄ™ sÄ… czystym biciem piany.",pl,2020-10-16 12:27:48
1317046436232630272,1317045437916979200,2020-10-16,12:15:14,@RuchNarodowy @polskalogiczna @RobertWinnicki Kurde trochÄ™ mnie zaskoczyliÅ›cie tÄ… wypowiedziÄ…. Elektorat czystego szurstwa siÄ™ na was obrazi hmm...,pl,2020-10-16 12:15:14
1317035257112166400,1317032403467177989,2020-10-16,11:30:49,"@RuchNarodowy @RobertWinnicki @Kulesza_pl @GrzegorzBraun_ @annabrylka jest ktoÅ› z @__Lewica @partiarazem? @AM_Zukowska @ZandbergRAZEM? Bo ze strony sejmu wynika, Å¼e kobieta rodzÄ…ca nie jest w krÄ™gu zainteresowania ""lewicy"". @ArturDziambor @Kulesza_pl @RobertWinnicki  https://t.co/jR6FA1sPP9",pl,2020-10-16 11:30:49
1317032856225533952,1316998219071619072,2020-10-16,11:21:16,@RuchNarodowy @RobertWinnicki @KONFEDERACJA_ Czy moglibyÅ›cie mi powiedzieÄ‡ w jakim programie byÅ‚a ta wypowiedÅº albo daÄ‡ jakiegoÅ› linka do caÅ‚ej tej wypowiedzi,pl,2020-10-16 11:21:16
1317031000338255872,1317003136771522560,2020-10-16,11:13:54,@RuchNarodowy @RobertWinnicki Powiem tak jeÅ›li ktokolwiek usÅ‚yszy te sÅ‚owa z pis-u a mieni siÄ™ konserwatystÄ… i prawicowcem to musi je poprzeÄ‡ po prostu jeÅ›li tych sÅ‚Ã³w nie popiera to jest kÅ‚amcÄ… i oszustem i lewakiem i nie ma nic wspÃ³lnego z prawicÄ…,pl,2020-10-16 11:13:54
1317026996216582146,1317026203811852288,2020-10-16,10:57:59,"@RuchNarodowy @krzysztofbosak ""Rurku, co ten traktor taki...""",pl,2020-10-16 10:57:59
1317023564445483010,1317021402877353984,2020-10-16,10:44:21,"@RuchNarodowy @RobertWinnicki A ten zamaskowany bandzior to kto, bo nie poznaÅ‚em?  #zajob",pl,2020-10-16 10:44:21
1317023319984689152,1317021402877353984,2020-10-16,10:43:23,@RuchNarodowy @PiotrRSzymanski @RobertWinnicki Po co ten kaganiec Panie PoÅ›le. PrzecieÅ¼ walczymy z maseczkowym zamordyzmem .,pl,2020-10-16 10:43:23
1317010685801467904,1317003136771522560,2020-10-16,09:53:11,@RuchNarodowy @KONFEDERACJA_ @RobertWinnicki no jakÅ¼e moglibyÅ›cie podzielaÄ‡ WARTOÅšCI takie jak demokracja czy rÃ³wne prawa  wychodzi z was faszyzm w czystej postaci :O),pl,2020-10-16 09:53:11
1317010100117176320,1317007678439391233,2020-10-16,09:50:51,"@RuchNarodowy @RobertWinnicki z tym, Å¼e PaweÅ‚ Kowal zdaje siÄ™ uwaÅ¼aÄ‡, Å¼e ten rzekomy brak integralnoÅ›ci, ktÃ³ry on wszÄ™dzie dostrzega, jest powodem tego, Å¼e mamy oddaÄ‡ pole i uznaÄ‡, to za naturalny, nieunikniony bieg historii. defetysta.",pl,2020-10-16 09:50:51
1317008712377245696,1317003136771522560,2020-10-16,09:45:20,@RuchNarodowy @KONFEDERACJA_ @RobertWinnicki Po co NATO. Nie ma Å¼adnego zagroÅ¼enia. ZagroÅ¼enie to stworzy partia wojny @pisorgpl ktÃ³ra naÅ›ciÄ…ga jeszcze wiÄ™cej tego syfu z USA. MoÅ¼na te pieniÄ…dze wydaÄ‡ na ciekawsze rzeczy niÅ¼ na urzÄ…dzenia do zabijania ludzi. NATO po 89 staÅ‚o siÄ™ zbrojnÄ… organizacjÄ… przestÄ™pczÄ….,pl,2020-10-16 09:45:20
1316998739110842368,1316995875848261632,2020-10-16,09:05:42,@RuchNarodowy @KONFEDERACJA_ @RobertWinnicki Pytam - Dlaczego CBA i ABW jeszcze nie rozliczyÅ‚a tego 70 milionowego przewaÅ‚a SASINA ?,pl,2020-10-16 09:05:42
1316690633193553921,1316681814933676033,2020-10-15,12:41:24,@RuchNarodowy @RobertWinnicki @KONFEDERACJA_ A Konfederacja zdradziÅ‚a i zdradza nieustannie wÅ‚asny narÃ³d. KaÅ¼deg dnia. Nie ma to jak podczas pandemii zaostrzaÄ‡ spory i rozwalaÄ‡ paÅ„stwo od Å›rodka. Ale jest szansa Å¼e Konfa siÄ™ pozaraÅ¼a i zniknie na miesiÄ…c.,pl,2020-10-15 12:41:24
1316681842586718210,1316676687027933185,2020-10-15,12:06:28,@RuchNarodowy @kubjar11 @KONFEDERACJA_ @RobertWinnicki OszuÅ›ci jadÄ… tylko na krytyce podÅ‚Ä…czajÄ…c siÄ™ pod okreÅ›lone Å›rodowiska  Co sami wnieÅ›li NIC,pl,2020-10-15 12:06:28
1316667952335327232,1316444672840151040,2020-10-15,11:11:17,"@RuchNarodowy @krzysztofbosak @KONFEDERACJA_ @RobertWinnicki @TudujKrzysztof @K_Kaminski_ @urbaniak_michal ZazdroszczÄ™ KaczyÅ„skiemu takiej opozycji. Cud, miÃ³d malina. A mogliÅ›cie siedzieÄ‡ pisowi na karku, kÄ…saÄ‡, dusiÄ‡, Å¼eby wreszcie zaczÄ™li coÅ› robiÄ‡ dla Polski to sobie dziÄ™kuwÄ™ teraz odstawiacie na twitterze. KaczyÅ„ski to jednak ma farta.",pl,2020-10-15 11:11:17
1316654269664309248,1316653789512962048,2020-10-15,10:16:54,@RuchNarodowy @krzysztofbosak @PCh24pl Bardzo ciekawa rozmowa ğŸ™‚ğŸ‘ğŸ‡µğŸ‡± Polecam.,pl,2020-10-15 10:16:54
1316642194070134784,1316641206139453442,2020-10-15,09:28:55,@RuchNarodowy @RobertWinnicki Oni niszczÄ… wam gospodarstwa ... Oko za oko zÄ…b za zÄ…b.,pl,2020-10-15 09:28:55
1316537171885592576,1316444672840151040,2020-10-15,02:31:36,"@RuchNarodowy @krzysztofbosak @KONFEDERACJA_ @RobertWinnicki @TudujKrzysztof @K_Kaminski_ @urbaniak_michal co zrobiliscie dla Polski/krotko ile Uchwal/Pomyslow Rozwiazan/Propozycji/Poprawek[aby Polakom Zylo sie Lepiej,Bogaciej,Szczesliwie/Konkretnie!Co dla Dobra Polski/wyniklo z waszej Kadencji w Sejmie.",pl,2020-10-15 02:31:36
1316488794229661697,1316444672840151040,2020-10-14,23:19:22,@RuchNarodowy @KONFEDERACJA_ @RobertWinnicki @krzysztofbosak @TudujKrzysztof @K_Kaminski_ @urbaniak_michal ProszÄ™ odÅ¼egnaÄ‡ sie od socjalistycznych poglÄ…dÃ³w waszych czÅ‚onkÃ³w. Liczymy na to.,pl,2020-10-14 23:19:22
1316480763882336257,1316444672840151040,2020-10-14,22:47:27,@RuchNarodowy @KrocpokZboj @KONFEDERACJA_ @RobertWinnicki @krzysztofbosak @TudujKrzysztof @K_Kaminski_ @urbaniak_michal ChÅ‚opcy przesuÅ„cie siÄ™ i zrÃ³bcie miejsce dla dziadka Giertycha,pl,2020-10-14 22:47:27
1316450816602107904,1316444672840151040,2020-10-14,20:48:27,@RuchNarodowy @KONFEDERACJA_ @RobertWinnicki @krzysztofbosak @TudujKrzysztof @K_Kaminski_ @urbaniak_michal Bardzo szanujÄ™. Bardzo dobra praca pogarda dla socjalizmu typu 500+!  ZajebiÅ›cie szanujÄ™ i dziÄ™kujÄ™!,pl,2020-10-14 20:48:27
1316445675119411200,1316444672840151040,2020-10-14,20:28:01,"@RuchNarodowy @KONFEDERACJA_ @RobertWinnicki @krzysztofbosak @TudujKrzysztof @K_Kaminski_ @urbaniak_michal A mamy od tego czasu Was obserwujemy, oceniamy i wystawimy Was notÄ™ za trzy latka.",pl,2020-10-14 20:28:01
1316445316984561664,1316444672840151040,2020-10-14,20:26:36,"@RuchNarodowy @KONFEDERACJA_ @RobertWinnicki @krzysztofbosak @TudujKrzysztof @K_Kaminski_ @urbaniak_michal To dobrze. Nie idÅºcie w Å›lady PiSu, bo Was teÅ¼ pogonimy. Niech Was PAN BÃ³g bÅ‚ogosÅ‚awi i strzeÅ¼e teraz i na Å»ycie Wieczne. Amen",pl,2020-10-14 20:26:36
1316406201064861697,1316328516284280832,2020-10-14,17:51:10,@RuchNarodowy @krzysztofbosak #ruskieonuce  https://t.co/vMNDw3ggmz,und,2020-10-14 17:51:10
1316405838051979266,1316328516284280832,2020-10-14,17:49:44,@RuchNarodowy @krzysztofbosak #ruskieonuce  https://t.co/dM4mX0t3M8,und,2020-10-14 17:49:44
1316374248420765696,1316334531851554817,2020-10-14,15:44:12,"@RuchNarodowy @annabrylka @MichalJelonek @KONFEDERACJA_ Czy nie przyszedÅ‚ juÅ¼ czas odwoÅ‚ywanie PiS-owskich urzÄ™dnikÃ³w, ktÃ³rzy nie chcÄ… potÄ™piÄ‡ dziaÅ‚anie PiS-u w stosunku do rolnikÃ³w i gÃ³rnikÃ³w ?! Tam, gdzie PiS przez swoje dziaÅ‚ania straciÅ‚ poparcie, moÅ¼na ich odwoÅ‚aÄ‡ przez referenda.",pl,2020-10-14 15:44:12
1316363342882238465,1316341889898086400,2020-10-14,15:00:52,"@RuchNarodowy @RobertWinnicki @annabrylka @MichalJelonek Ja wszystko rozumiem, ale proszÄ™ nie zabijaÄ‡ i nie obdzieraÄ‡ ze skÃ³ry jenotÃ³w. One nie sÄ… niczemu winne. Nie moÅ¼na tego usprawiedliwiÄ‡ w Å¼aden sposÃ³b. To po prostu okropna, wstrÄ™tna rzecz zabiÄ‡ takiego jenota. Å»adne pieniÄ…dze nie sÄ… tego warte. Zabijacie ojcÃ³w i matki.  https://t.co/2D1a0xBiJL",pl,2020-10-14 15:00:52
1316334842909523968,1316328516284280832,2020-10-14,13:07:37,"@RuchNarodowy @AZdzitowiecki @krzysztofbosak Ciekawe kiedy Krzysio Ballsack zacznie wpinaÄ‡ sobie opornik w klapÄ™ marynarki? ChoÄ‡ patrzÄ…c na niego, powinien raczej wpiÄ…Ä‡ sobie tranzystor.",pl,2020-10-14 13:07:37
1316329875268141056,1316328516284280832,2020-10-14,12:47:53,@RuchNarodowy @krzysztofbosak Nawet jak rolnicy wyrzucajÄ… smarkatego Bosaka z protestÃ³w? ğŸ¤£ğŸ¤£ğŸ¤£,pl,2020-10-14 12:47:53
1316326758484975616,1316291696221708288,2020-10-14,12:35:30,@RuchNarodowy @krzysztofbosak Nie do kosza tylko do pieca i spaliÄ‡ aby nikt ponownie z kosza nie wyciÄ…gnÄ…Å‚ i prÃ³bowaÅ‚ realizowaÄ‡ to badziewie.,pl,2020-10-14 12:35:30
1316278400437358594,1316276301737717761,2020-10-14,09:23:20,@RuchNarodowy @krzysztofbosak @KONFEDERACJA_ Bosak w nowej kurtali?,pl,2020-10-14 09:23:20
1316277783463682050,1316276301737717761,2020-10-14,09:20:53,@RuchNarodowy @krzysztofbosak @KONFEDERACJA_ Po ostatnich dziaÅ‚aniach wÅ‚aÅ›ciwsze jest uÅ¼ywanie  terminu milicja.,pl,2020-10-14 09:20:53
1316270759208157184,1316265058587021312,2020-10-14,08:52:58,"@RuchNarodowy Czyli popieracie Å¼ydowskie i muzuÅ‚maÅ„skie rytuaÅ‚y religijne? Ciekawa ewolucja, gdy pamiÄ™ta siÄ™ ""Å›ledztwa"" Grzegorza Brauna odnoÅ›nie Å¼ydowskiego bunkra pod CPK.",pl,2020-10-14 08:52:58
1316266043002834944,1316265058587021312,2020-10-14,08:34:14,"@RuchNarodowy WolaÅ‚bym w Polsce jeÅ›Ä‡ polskie produkty miÄ™sne niÅ¼ importowane. SkoÅ„czy siÄ™ tym, Å¼e rolnicy zwinÄ… biznes a na rynku pojawi siÄ™ importowany towar. Wiem z doÅ›wiadczenia, Å¼e jest gorszej jakoÅ›ci niÅ¼ nasz. O kwestii ekonomicznej caÅ‚ego przedsiÄ™wziÄ™cia nawet nie wspominam.",pl,2020-10-14 08:34:14
1316134689225179136,1316131701744115713,2020-10-13,23:52:17,"@RuchNarodowy @KONFEDERACJA_ MoÅ¼e uÅ›ciÅ›lijmy. Wy dbacie o interesy wÅ‚aÅ›cicieli wartych milony agrobiznesÃ³w. Lewica dba o interesy zatrudnianych przez nich robotnikÃ³w, oraz o interesy drobnych rolnikÃ³w, ktÃ³rzy samotnie w konfrontacji z tymi tuzami nie majÄ… Å¼adnych szans.",pl,2020-10-13 23:52:17
1316053325419290626,1316053053775269888,2020-10-13,18:28:58,"@RuchNarodowy @KONFEDERACJA_ @RobertWinnicki @annabrylka @MarekSzewczyk_ @WTumanowicz @urbaniak_michal @Swiat_Rolnika Brawo Panie @krzysztofbosak, widzÄ™ Å¼e nie boli zaÅ‚oÅ¼enie maseczkiğŸ˜‰",pl,2020-10-13 18:28:58
1316040155585826819,1315924877094907904,2020-10-13,17:36:38,@RuchNarodowy O boszszsz... ja was idioci obserwowaÅ‚em :),pl,2020-10-13 17:36:38
1316038249412952065,1315924877094907904,2020-10-13,17:29:04,"@RuchNarodowy A jak proponowaliÅ›cie zakazaÄ‡ Islamu w Polsce razem z ubojem halal teÅ¼ byliÅ›cie ? BÅ‚Ä…d, mÄ…droÅ›Ä‡ etapu czy cynizm ?",pl,2020-10-13 17:29:04
1316021279716040706,1316000244333711361,2020-10-13,16:21:38,@RuchNarodowy @krzysztofbosak JeÅ¼eli o mnie chodzi to na 100 siÄ™ nie rozejdzie !!!!,pl,2020-10-13 16:21:38
1315966650252955653,1315955791413891079,2020-10-13,12:44:33,"@RuchNarodowy @krzysztofbosak @annabrylka @MarekSzewczyk_ @KONFEDERACJA_ Bosak...Ciebie PiS juÅ¼ wytresowaÅ‚. Grzecznie i potulnie paradujesz w ""kagaÅ„cu"" hipokryto. Czego siÄ™ boisz grypy czy mandatu?",pl,2020-10-13 12:44:33
1315966172949557249,1315948962864652288,2020-10-13,12:42:39,@RuchNarodowy @RobertWinnicki Przynajmniej w maseczkach :))),pl,2020-10-13 12:42:39
1315941209500782595,1315940349576085504,2020-10-13,11:03:28,"@RuchNarodowy @KONFEDERACJA_ Brawo Rolnicy , jestem z Wami â—â—â—",pl,2020-10-13 11:03:28
1315940287584391168,1315930880096034816,2020-10-13,10:59:48,@RuchNarodowy @KONFEDERACJA_ @urbaniak_michal @krzysztofbosak @annabrylka @MarekSzewczyk_ RzuÄ‡cie biomasie ochÅ‚apy np: Å›winia + i siÄ™ uspokoi.,pl,2020-10-13 10:59:48
1315939756530954240,1315922296419348482,2020-10-13,10:57:41,@RuchNarodowy Biomasa wyje. Dobrze im tak.,pl,2020-10-13 10:57:41
1315939055016775680,1315934105494839297,2020-10-13,10:54:54,@RuchNarodowy Biomasa zawyÅ‚a. Trzeba byÅ‚o uwaÅ¼aÄ‡ jak gÅ‚osujecie.,pl,2020-10-13 10:54:54
1315934523603988481,1315934105494839297,2020-10-13,10:36:53,@RuchNarodowy NagrywaÄ‡ i do Internetu!,pl,2020-10-13 10:36:53
1315933382136692742,1315929963703529473,2020-10-13,10:32:21,@RuchNarodowy Polska strona z wdziÄ™cznoÅ›ci  (?) odrestaurowala pomnik UPA na gÃ³rze Monastyr k PrzemyÅ›la    https://t.co/e7m9kb7scv,pl,2020-10-13 10:32:21
1315930173162881025,1315929963703529473,2020-10-13,10:19:36,@RuchNarodowy Zdrajca !!!,pl,2020-10-13 10:19:36
1315765071511982081,1315765071511982081,2020-10-12,23:23:33,"@RuchNarodowy odwoÅ‚ujÄ…cy siÄ™ do Andrzeja Leppera, fajnieğŸ™ƒ  https://t.co/mTuFeTpS7F",pl,2020-10-12 23:23:33
1315673104132251648,1315667955611467776,2020-10-12,17:18:06,"@RuchNarodowy @annabrylka Nie moÅ¼e byÄ‡ mowy o Å¼adnym kompromisie-na tym polega lewicowe dziaÅ‚anie-bÄ™dÄ… dalej przeÄ‡ naprzÃ³d,udajÄ…c,Å¼e ustÄ™pujÄ….LiczÄ… teÅ¼ na rozbicie poparcia na wsi dla protestÃ³w,jeÅ›li podzielÄ… branÅ¼e na te gorsze i te ktÃ³rym""sprzyjajÄ…""! RozciÄ…gniÄ™cie niektÃ³rych terminÃ³w-grÄ… na przeczekanie",pl,2020-10-12 17:18:06
1315641312926892032,1315633786571366400,2020-10-12,15:11:47,@RuchNarodowy  https://t.co/xrLIzHo8BX,und,2020-10-12 15:11:47
1315638797326049281,1315633786571366400,2020-10-12,15:01:47,"@RuchNarodowy PierdolÄ™ , jadÄ™ na ryby.",pl,2020-10-12 15:01:47
1315579403376775169,1315578001531326464,2020-10-12,11:05:46,"@RuchNarodowy Ok, ale nie bÄ…dÅºmy gorliwsi od samych gÃ³rnikÃ³w.",pl,2020-10-12 11:05:46
1315578335196450816,1315578001531326464,2020-10-12,11:01:32,@RuchNarodowy POLEXIT,in,2020-10-12 11:01:32
1315542050801057792,1315536426440822785,2020-10-12,08:37:21,"@RuchNarodowy @KONFEDERACJA_ PiS im nie ulega, tylko realizuje wÅ‚asny program polityczny i ideologiczny. PiS nie ulega Lewicy, PiS jest lewicÄ….",pl,2020-10-12 08:37:21
1315390127590572034,1315351683153768448,2020-10-11,22:33:39,@RuchNarodowy @joan_bak @krzysztofbosak i rozpierd. rolnictwem,pl,2020-10-11 22:33:39
1315246754925772800,1315167747345539072,2020-10-11,13:03:57,@RuchNarodowy @MWszechpolska Wielka Polska!,pl,2020-10-11 13:03:57
1315221330107793409,1315215564013547521,2020-10-11,11:22:55,@RuchNarodowy Przez 30 lat moÅ¼e nastÄ…piÄ‡  wiele zmian. OdciÄ…gnÄ™li w czasie - i to jest istotne.  Brawo Premier.,pl,2020-10-11 11:22:55
1315217551232770048,1315215564013547521,2020-10-11,11:07:54,@RuchNarodowy StraciÅ‚em nadziejÄ™. UwaÅ¼am Å¼e nie mamy szans wygraÄ‡ w swiecie przepelnionym lewicowÄ… histeriÄ….   Trzeba uÅ¼yÄ‡ sprytu i wykorzystaÄ‡ tÄ… histeriÄ™ na naszÄ… korzyÅ›Ä‡.,pl,2020-10-11 11:07:54
1315196793320284160,1315196687963631617,2020-10-11,09:45:25,@RuchNarodowy @krzysztofbosak @PolsatNewsPL BÄ™dziemy oglÄ…daÄ‡ ğŸ‘ğŸ‘ğŸ‡µğŸ‡±ğŸ‡µğŸ‡±ğŸ‡µğŸ‡±,pl,2020-10-11 09:45:25
1315186439928250369,1315185365309767680,2020-10-11,09:04:16,@RuchNarodowy @KONFEDERACJA_ Unfollow.,en,2020-10-11 09:04:16
1314859335785345024,1314853176101666816,2020-10-10,11:24:29,@RuchNarodowy Pan poseÅ‚ @Kulesza_pl  wyglada jakby szedÅ‚ do szkoÅ‚y ğŸ˜†,pl,2020-10-10 11:24:29
1314832652629876736,1314830527078129664,2020-10-10,09:38:27,@RuchNarodowy @KONFEDERACJA_ @annabrylka Futrzakowi mogÄ… sobie zagryÅºÄ‡ zÄ™by i palcem w dupie sobie co najwyÅ¼ej pogrzebaÄ‡,pl,2020-10-10 09:38:27
1314823697421733889,1314800326881374208,2020-10-10,09:02:52,@RuchNarodowy @MWszechpolska Ten straszny antysemita z ONR zostaÅ‚ odznaczony przez Å»ydÃ³w medalem sprawiedliwego poÅ›rÃ³d narodÃ³w Å›wiata i ma swoje drzewko w Yad Vashem,pl,2020-10-10 09:02:52
1314816570951163905,1314815426279297025,2020-10-10,08:34:33,@RuchNarodowy @krzysztofbosak @KONFEDERACJA_ A ten taki dziwnie uÅ›miechniÄ™ty co cyrk robi to kto?,pl,2020-10-10 08:34:33
1314812918840557568,1314807879350722561,2020-10-10,08:20:02,@RuchNarodowy @badach_dariusz Nie grzebaÄ‡ sobie w majtkach  https://t.co/uTQwuqgHz1,pl,2020-10-10 08:20:02
1314515438877933569,1314513236079902726,2020-10-09,12:37:57,"@RuchNarodowy @KONFEDERACJA_ @RobertWinnicki Czyli odpady nie do krajÃ³w trzeciego Å›wiata, a do Polski... Euromowa jedno, a praktyka drugie...  https://t.co/CS1uwZE4HR",pl,2020-10-09 12:37:57
1314512724206985217,1314511485075443712,2020-10-09,12:27:10,@RuchNarodowy @KONFEDERACJA_ @krzysztofbosak AmerykaÅ„skie lobby pisze nam prawo ğŸ™ƒ,pl,2020-10-09 12:27:10
1314222901575512066,1314200447272452097,2020-10-08,17:15:31,@RuchNarodowy @RobertWinnicki Wiemy obserwujemy w odpowiednim czasie bÄ™dÄ… konsekwencje wyborcze.,pl,2020-10-08 17:15:31
1314205414498603010,1314200447272452097,2020-10-08,16:06:02,@RuchNarodowy @RobertWinnicki A gdzie macie maseczki? i czym ten rzÄ…d niszczy kaÅ¼dÄ… rodzinÄ™?ğŸ¤¬ğŸ¤¬ğŸ¤¬,pl,2020-10-08 16:06:02
1314194826200481792,1313718195757309954,2020-10-08,15:23:57,@RuchNarodowy @virljanek @KONFEDERACJA_ TwÃ³rzcie sobie alternatywÄ™ z trzaskowskim.  https://t.co/5goA61mqMK,pl,2020-10-08 15:23:57
1314193917382860806,1314192292002045953,2020-10-08,15:20:21,@RuchNarodowy @RobertWinnicki @KONFEDERACJA_ Toniemy !,pl,2020-10-08 15:20:21
1314185708010196993,1314177290717278210,2020-10-08,14:47:43,@RuchNarodowy @RobertWinnicki Trzech mÄ…drych inaczej,pl,2020-10-08 14:47:43
1314181884671385600,1313834957509402625,2020-10-08,14:32:32,"@RuchNarodowy @krzysztofbosak ZgnoiÅ‚ Rondo Å»oÅ‚nierzy NiezÅ‚omnych !  Ok, niech @pisorgpl wycofa siÄ™ z ""piÄ…tki"", ale automatycznie zlikwiduje KRUS, a takÅ¼e zaniecha wszelkich odszkodowaÅ„, za suszÄ™... Niech pÅ‚acÄ… ZUS jak kaÅ¼dy, a od suszy niech siÄ™ ubezpieczÄ…. ÅšwiÄ™te krowy k... bydÅ‚o.  https://t.co/npbBxg1KDX",pl,2020-10-08 14:32:32
1314127960262275072,1314126265532780545,2020-10-08,10:58:15,@RuchNarodowy @KONFEDERACJA_ BÄ™dziecie mieli nie dÅ‚ugo pogrom w Polsce jak dojdzie do takich zakazen Å¼e zamknÄ… szpitale zobaczycie przez wasze nie noszenie masek !,pl,2020-10-08 10:58:15
1314127336833515521,1314125329221521408,2020-10-08,10:55:47,@RuchNarodowy @KONFEDERACJA_ @RobertWinnicki @krzysztofbosak Skandaliczne zachowanie BraunağŸ˜ â—â—â—,pl,2020-10-08 10:55:47
1314126719553605632,1314126265532780545,2020-10-08,10:53:19,@RuchNarodowy @KONFEDERACJA_ Trzeba walczyÄ‡.  Nie poddawajcie siÄ™.,pl,2020-10-08 10:53:19
1313913786944884741,1313760519493423106,2020-10-07,20:47:12,"@RuchNarodowy Tak, ale bÄ…dÅºcie precyzyjni, skoro chcecie byÄ‡ wiarygodni. Bo ustawÄ™ przegÅ‚osowali w wiÄ™kszoÅ›ci PiS + PO i w 100% Lewica. Problemem jest coÅ› innego, Å¼e wsparto myÅ›lenie lewacko-gangsterskie.  I wkrÃ³tce zieloni gengsterzy w podziÄ™ce zablokujÄ… kluczowe inwestycje hydrotechniczne.",pl,2020-10-07 20:47:12
1313872356184666115,1313853845492191233,2020-10-07,18:02:34,"@RuchNarodowy @K_Kaminski_ SocjaliÅ›ci majÄ… to gdzieÅ›, wiecznie na paÅ„stwowym korycie... nie majÄ… pojÄ™cia jak funkcjonuje przedsiÄ™biorstwo",pl,2020-10-07 18:02:34
1313868326834241536,1313395971750014978,2020-10-07,17:46:34,"@RuchNarodowy @RobertWinnicki Oj, do wiosny nie zdÄ…Å¼Ä… do koÅ„ca ""rozebraÄ‡"" Polski. Plandemia na bank potrwa dÅ‚uÅ¼ej. Wszystkich ÅšwiÄ™tych w kagancach a i BoÅ¾e Narodzenie podobnie.MuszÄ… zÅ‚amaÄ‡ ""ducha""w tej resztce niepokornych.",pl,2020-10-07 17:46:34
1313857241594957824,1313853845492191233,2020-10-07,17:02:31,@RuchNarodowy @K_Kaminski_ ğŸ‘,und,2020-10-07 17:02:31
1313839630471573504,1313834957509402625,2020-10-07,15:52:32,@RuchNarodowy @krzysztofbosak Przy tak niestabilny prawie dotyczÄ…cym prowadzenia dziaÅ‚alnoÅ›ci gospodarczej za chwilÄ™ wszystkie banki pogorszÄ… warunki udzielania kredytÃ³w inwestycyjnych.,pl,2020-10-07 15:52:32
1313836537105309702,1313834957509402625,2020-10-07,15:40:15,@RuchNarodowy @krzysztofbosak Ksysiu a moÅ¼e w koÅ„cu poszukaj sobie pracy? ğŸ˜‚ ğŸ˜‚ ğŸ˜‚,pl,2020-10-07 15:40:15
1313835553037705221,1313834957509402625,2020-10-07,15:36:20,@RuchNarodowy @krzysztofbosak ğŸ‘ğŸ‘ğŸ‘ğŸ‘ğŸ‘ğŸ‘,und,2020-10-07 15:36:20
1313809091647754240,1313723228838334464,2020-10-07,13:51:11,"@RuchNarodowy @KONFEDERACJA_ Ten jeden to niech bÄ™dzie poseÅ‚ Braun, da im bobu za wszyskich !!!",pl,2020-10-07 13:51:11
1313808904707608576,1313723228838334464,2020-10-07,13:50:26,@RuchNarodowy @KONFEDERACJA_ Ale nie bÄ™dÄ… gadaÄ‡ na sali,pl,2020-10-07 13:50:26
1313808201226366978,1313805867041673216,2020-10-07,13:47:39,@RuchNarodowy @urbaniak_michal Jaki zakaz uboju? Wprowadzono zakaz uboju koszernego! Czy tak bardzo brakuje wam miÄ™sa koszernego czy tylko walczycie w interesie Å»ydÃ³w?,pl,2020-10-07 13:47:39
1313807918093996032,1313804618598670336,2020-10-07,13:46:31,"@RuchNarodowy @RobertWinnicki @KONFEDERACJA_ @krzysztofbosak @K_Kaminski_ Ciekawe czy ekonomiÅ›ci Konfederacji wiedzÄ…, Å¼e spÃ³Å‚ki komandytowe powstajÄ… dziÅ› wyÅ‚Ä…cznie po to, Å¼eby poÅ‚Ä…czyÄ‡ korzyÅ›ci podatkowe osoby fizycznej (spÃ³Å‚ki cywilnej) z wyÅ‚Ä…czeniem odpowiedzialnoÅ›ci charakterystycznym dla spÃ³Å‚ki kapitaÅ‚owej?",pl,2020-10-07 13:46:31
1313805451071455233,1313760519493423106,2020-10-07,13:36:43,@RuchNarodowy Bydgoszcz z wami  https://t.co/FlJlTUctmi,pl,2020-10-07 13:36:43
1313803240673341441,1313760519493423106,2020-10-07,13:27:56,@RuchNarodowy @JerzyRydzewski  https://t.co/1PykVJTbaY,und,2020-10-07 13:27:56
1313761590848770050,1313760519493423106,2020-10-07,10:42:26,"@RuchNarodowy Serio? gdzie taki nie spojrzy to dotacje same siÄ™ sypiÄ… do kieszeni, nie wspominajÄ…c o KRUSie, akcyzie za paliwo...,  w zamian skaÅ¼ona Å¼ywnoÅ›Ä‡ ( ""jak nie opryska to nie uroÅ›nie""), zaoraÄ‡ to.",pl,2020-10-07 10:42:26
1313760359107395592,1313577430620217345,2020-10-07,10:37:32,@RuchNarodowy @PanasiukPiotr @krzysztofbosak Prawda 10 Wydaje siÄ™ iÅ¼ rzÄ…dy sÄ… zainteresowane utrzymywaniem atmosfery strachu. Liczba zgonÃ³w na samego Covida jest relatywnie maÅ‚a. Czemu rzÄ…dy nie stosowaÅ‚y wczeÅ›niej takich Å›rodkÃ³w przy grypie lub nie zwalczaÅ‚y ostro trucizn w Å¼ywnoÅ›ci ktÃ³re powodujÄ… nowotwory i liczne zgony?,pl,2020-10-07 10:37:32
1313759798580654082,1313577430620217345,2020-10-07,10:35:19,@RuchNarodowy @PanasiukPiotr @krzysztofbosak Prawda 9 Nieprzebadane dokÅ‚adnie szczepionki na Covid 19 mogÄ… spowodowaÄ‡ liczne zgony i ogromnÄ… iloÅ›Ä‡ powikÅ‚aÅ„ co doprowadzi do upadku Å›wiata jaki znamy.,pl,2020-10-07 10:35:19
1313759629785157633,1313577430620217345,2020-10-07,10:34:38,@RuchNarodowy @PanasiukPiotr @krzysztofbosak Prawda 8 Zgodnie z informacjami sprzed roku dziaÅ‚ medyczny Pentagonu informowaÅ‚ iÅ¼ szczepienia na grypÄ™ mogÄ… osÅ‚abiÄ‡  organizm co moÅ¼e spowodowaÄ‡ zwiÄ™kszonÄ… zapadalnoÅ›Ä‡ na koronowirusy o 37%.,pl,2020-10-07 10:34:38
1313759451523026944,1313577430620217345,2020-10-07,10:33:56,@RuchNarodowy @PanasiukPiotr @krzysztofbosak Prawda 7  PeÅ‚nÄ… ochronÄ™ przed wirusami zapewnia kombinezon szczelnie zakrywajÄ…cy caÅ‚ego czÅ‚owieka ktÃ³ry oddycha przez profesjonalny filtr powietrza.,pl,2020-10-07 10:33:56
1313759312733503488,1313577430620217345,2020-10-07,10:33:23,@RuchNarodowy @PanasiukPiotr @krzysztofbosak Prawda 6 ZwykÅ‚e maseczki chirurgiczne chroniÄ… w niewielkim stopniu przed Covid 19. WyobraÅºcie sobie wirusa w skali ziarenka maku a nitki z ktÃ³rych uszyta jest maseczka jako kratka 2 cm na 2 cm,pl,2020-10-07 10:33:23
1313759156529238023,1313577430620217345,2020-10-07,10:32:46,@RuchNarodowy @PanasiukPiotr @krzysztofbosak Prawda 5 PrzyÅ‚bice nie chroniÄ… przed Å¼adnymi wirusami poniewaÅ¼ powietrze ma swobodny dostÄ™p do nosa i ust oraz oczÃ³w.,pl,2020-10-07 10:32:46
1313759019719421957,1313577430620217345,2020-10-07,10:32:13,@RuchNarodowy @PanasiukPiotr @krzysztofbosak Prawda 4 Fakt iÅ¼ po wyniku dodatnim na koronowirusa zdecydowana wiÄ™kszoÅ›Ä‡ osÃ³b przechodzi go bezobjawowo wskazuje Å¼e nie majÄ… Cowid 19 tylko inna Å‚agodnÄ… odmianÄ™ znanÄ… od kilkunastu lat na Å›wiecie.,pl,2020-10-07 10:32:13
1313758887460433920,1313577430620217345,2020-10-07,10:31:41,@RuchNarodowy @PanasiukPiotr @krzysztofbosak Prawda 3 Gdyby 2 lata temu przeprowadzono testowanie na koronowirusy u przeziÄ™bionych ludzi okoÅ‚o 1/5 testÃ³w pokazaÅ‚aby wynik dodatni,pl,2020-10-07 10:31:41
1313758739162427392,1313577430620217345,2020-10-07,10:31:06,@RuchNarodowy @PanasiukPiotr @krzysztofbosak Prawda 2 Inne koronowirusy niÅ¼ Covid 19 istniaÅ‚y w poprzednich latach i wywoÅ‚ywaÅ‚y okoÅ‚o 20% przeziÄ™bieÅ„ wÅ›rÃ³d ludzi.,pl,2020-10-07 10:31:06
1313758596979724289,1313577430620217345,2020-10-07,10:30:32,@RuchNarodowy @PanasiukPiotr @krzysztofbosak Prawda 1   Wirus Covid 19 istnieje lecz jest to tylko jeden z rodziny koronowirusÃ³w. Testy nie rozrÃ³Å¼niajÄ… ktÃ³rym koronowirusem czÅ‚owiek jest zakaÅ¼ony.,pl,2020-10-07 10:30:32
1313755238453706752,1313733295364952064,2020-10-07,10:17:11,@RuchNarodowy @bittern1011 @KONFEDERACJA_ @krzysztofbosak @K_Kaminski_ #stopNowymPodatkom,und,2020-10-07 10:17:11
1313752742012297217,1313748833860546561,2020-10-07,10:07:16,"@RuchNarodowy @KONFEDERACJA_ @RobertWinnicki No tak, rodacy przecieÅ¼ pÅ‚acÄ… podatki w PL. Jak wybuchÅ‚a srandemia, to ci co na czarno wzbogacali UK, wsiedli do samolot do kraju, zapisali sie do U.Pracy by korzystaÄ‡ ze Å›wiadczeÅ„",pl,2020-10-07 10:07:16
1313751987528359938,1313718195757309954,2020-10-07,10:04:16,@RuchNarodowy @PiotrRSzymanski @KONFEDERACJA_ O! Czyli idealny czas z zarÅ¼niÄ™cie jakiejÅ› gaÅ‚Ä™zi gospodarki!,pl,2020-10-07 10:04:16
1313725512674615299,1313718195757309954,2020-10-07,08:19:04,"@RuchNarodowy @ZMojego @KONFEDERACJA_ Jak zwykle puszczanie kaczek na wodzie .Niech siÄ™ Konfederacja weÅºmie w koÅ„cu za robotÄ™ ,a nie opowiada bajki i mÄ…ci narodowi w gÅ‚owach.",pl,2020-10-07 08:19:04
1313724849370660872,1313724487167217664,2020-10-07,08:16:26,"@RuchNarodowy @krzysztofbosak ""Nie bÄ™dÄ™ wierzyÅ‚ w oficjalne wyjaÅ›nienia.""  SkÄ…d ta niewiara?",pl,2020-10-07 08:16:26
1313722466964045824,1313718195757309954,2020-10-07,08:06:58,"@RuchNarodowy @KONFEDERACJA_ Co teraz bÄ™dzie, co bÄ™dzie?",pl,2020-10-07 08:06:58
1313721264020873228,1313720716353835009,2020-10-07,08:02:11,@RuchNarodowy Amen,en,2020-10-07 08:02:11
1313583285042401283,1313577430620217345,2020-10-06,22:53:55,@RuchNarodowy @krzysztofbosak  https://t.co/P6RW3QfY7p,und,2020-10-06 22:53:55
1313549182955859970,1313365874527498242,2020-10-06,20:38:24,@RuchNarodowy @RobertWinnicki Smieci sÄ… wwoÅ¼one i spalane  https://t.co/XQZ72VALO8. w cementowni CheÅ‚m. To jedna z najwiÄ™kszych spalarni w Polsce.,pl,2020-10-06 20:38:24
1313509644363608070,1313479495010181125,2020-10-06,18:01:17,"@RuchNarodowy @KONFEDERACJA_ @RobertWinnicki NaleÅ¼aÅ‚oby podaÄ‡ nazwy i lokalizacjÄ™ tych porodÃ³wek co nie przestrzegajÄ… procedur. NaleÅ¼y je piÄ™tnowaÄ‡, Å¼eby rodzÄ…ce matki je unikaÅ‚y.",pl,2020-10-06 18:01:17
1313481785662222338,1313395971750014978,2020-10-06,16:10:35,"@RuchNarodowy @RobertWinnicki W odpowiedzi panu Krzysztofowi Nowakowi: Nie trzeba byÄ‡ wirusologiem. Wystarczy mieÄ‡ w miarÄ™ sprawny wzrok i sÅ‚uch, a takÅ¼e zdolnoÅ›Ä‡ obserwacji oraz wnioskowania w stopniu podstawowym.",pl,2020-10-06 16:10:35
1313477422017323011,1313467459299610625,2020-10-06,15:53:15,@RuchNarodowy @PUsiadek @wrealu24_pl Åšwietna analiza.,pl,2020-10-06 15:53:15
1313430422525751298,1313395971750014978,2020-10-06,12:46:29,@RuchNarodowy @RobertWinnicki NastÄ™pny fachowiec od wirusologii.,pl,2020-10-06 12:46:29
1313412205241659392,1313408501532823552,2020-10-06,11:34:06,@RuchNarodowy @KONFEDERACJA_ @krzysztofbosak DoskonaÅ‚e ujÄ™cie.,pl,2020-10-06 11:34:06
1313404381543436288,1313403626421846016,2020-10-06,11:03:01,@RuchNarodowy PiS juÅ¼ wczeÅ›niej o tym zdecydowaÅ‚. Polecam:  https://t.co/HORHY3jx7V,pl,2020-10-06 11:03:01
1313404113154199553,1313403626421846016,2020-10-06,11:01:57,@RuchNarodowy CaÅ‚ego? Aha...,pl,2020-10-06 11:01:57
1313403160724230149,1313399615547494402,2020-10-06,10:58:10,@RuchNarodowy @RobertWinnicki WÅ‚aÅ›nie o to im chodzi Å¼eby byÅ‚a zapaÅ›Ä‡ w systemie nauczania. Wiadomo Å¼e idiotami Å‚atwo manipulowaÄ‡.,pl,2020-10-06 10:58:10
1313402421834637312,1313399615547494402,2020-10-06,10:55:13,"@RuchNarodowy @RobertWinnicki Pewnie masz racjÄ™, wiÄ™c wystarczy posÅ‚uchaÄ‡ prezydenta Trampa, skoro wiÄ™c jest tak dobrze to dlaczego jest tak Åºle na Åšwiecie. Czechy i SÅ‚owacja stan wyjÄ…tkowy.",pl,2020-10-06 10:55:13
1313402279425388544,1313395971750014978,2020-10-06,10:54:39,@RuchNarodowy @RobertWinnicki Nie da siÄ™ sÅ‚uchaÄ‡ tej kobiety co tam gada.... qrwa nie moÅ¼emy sobie poradziÄ‡... ale mÃ³zgi zaorane.,pl,2020-10-06 10:54:39
1313401116705656832,1313399615547494402,2020-10-06,10:50:02,@RuchNarodowy @RobertWinnicki  https://t.co/YICDD9nDgZ,und,2020-10-06 10:50:02
1313398432141320192,1313388525950251008,2020-10-06,10:39:22,@RuchNarodowy Trzeba zatrzymaÄ‡ to szaleÅ„stwo.,pl,2020-10-06 10:39:22
1313397774516449281,1313395971750014978,2020-10-06,10:36:45,@RuchNarodowy @RobertWinnicki Pani Agnieszka to ciemnogrÃ³d,pl,2020-10-06 10:36:45
1313370362437042176,1313369649161986049,2020-10-06,08:47:50,@RuchNarodowy @KONFEDERACJA_ @krzysztofbosak PiS to taka prawica ktÃ³ra podwyÅ¼sza podatki. @KONFEDERACJA_ to jedyna prawica bo te podatki chce obniÅ¼aÄ‡!,pl,2020-10-06 08:47:50
1313159806295965696,1313088667506872327,2020-10-05,18:51:09,"@RuchNarodowy @RobertWinnicki @Nieznanski_M @TudujKrzysztof Konfederacja a co za tym idzie RN nie ma nic wspÃ³lnego z ideami narodowymi ,bliÅ¼ej wam do liberaÅ‚Ã³w niÅ¼ do narodowcÃ³w.",pl,2020-10-05 18:51:09
1313096912862617601,1311017142947590146,2020-10-05,14:41:14,@RuchNarodowy @R_A_Ziemkiewicz @KONFEDERACJA_ @krzysztofbosak CzuÄ‡ onucami...,pl,2020-10-05 14:41:14
1313092051098099712,1313057256708222976,2020-10-05,14:21:55,"@RuchNarodowy @MBalawelder @krzysztofbosak I dobrze, Å¼e nie bÄ™dzie.",pl,2020-10-05 14:21:55
1313028217385689088,1312992161672110080,2020-10-05,10:08:16,@RuchNarodowy @krzysztofbosak @RepublikaTV @urbaniak_michal @PolskieRadio24 DziÄ™ki za ostrzeÅ¼enie.,pl,2020-10-05 10:08:16
1313026821315874817,1313026137866432513,2020-10-05,10:02:43,@RuchNarodowy GÅ‚upoty opowiadacie. Biomasa daÅ‚a siÄ™ kupiÄ‡ a teraz zawyÅ‚a.,pl,2020-10-05 10:02:43
1313007875908923393,1313007261208305664,2020-10-05,08:47:26,@RuchNarodowy @KONFEDERACJA_ @RobertWinnicki Pomnik Romana Dmowskiego powinien byÄ‡ w kaÅ¼dym mieÅ›cie!,pl,2020-10-05 08:47:26
1312870721929072645,1312648650863058944,2020-10-04,23:42:26,@RuchNarodowy @KONFEDERACJA_  https://t.co/KpRmPTaj9Q,und,2020-10-04 23:42:26
1312861528027205634,1312648650863058944,2020-10-04,23:05:54,"@RuchNarodowy @KONFEDERACJA_ Nie wiem z czego to wynika, w ciÄ…gu ostatnich 7 dni na profilu RN 7 razy utworzono twitt tej treÅ›ci (o wstÄ™powaniu do klubÃ³w Konfy), profil partii Korwin w ciÄ…gu mc takich twittÃ³w napisaÅ‚ 0. Przeoczenie, nadgorliwoÅ›Ä‡? MoÅ¼e siÄ™ mylÄ™ ale gÅ‚ powinno zachÄ™caÄ‡ siÄ™ do wstÄ™powania do RN",pl,2020-10-04 23:05:54
1312835674610044928,1312656198924005378,2020-10-04,21:23:10,"@RuchNarodowy @krzysztofbosak @KONFEDERACJA_ Kamperki za pieniÄ…dze podatnikÃ³w - teÅ¼ chyba wbije sie w to polityczne gÃ³wno, honor w XXI w. I tak sie nie liczy ;)",pl,2020-10-04 21:23:10
1312823512428687360,1312823512428687360,2020-10-04,20:34:51,"@RuchNarodowy czy nadal zamierzacie godziÄ‡ siÄ™ na sÅ‚owa @JkmMikke, ktÃ³ry mÃ³wi o tym, Å¼e Polacy powinni wejÅ›Ä‡ w sojusz z Hitlerem? Panowie PosÅ‚owie @RobertWinnicki, @krzysztofbosak, jak odniesiecie siÄ™ do sÅ‚Ã³w Waszego koalicjanta w programie #Minela20 na antenie @tvp_info?",pl,2020-10-04 20:34:51
1312771812300926982,1312656198924005378,2020-10-04,17:09:24,@RuchNarodowy @krzysztofbosak @KONFEDERACJA_ ğŸ¤®ğŸ¤®ğŸ¤®,und,2020-10-04 17:09:24
1312745865895911430,1312656198924005378,2020-10-04,15:26:18,@RuchNarodowy @krzysztofbosak @KONFEDERACJA_  https://t.co/pTlx6yYiFk,und,2020-10-04 15:26:18
1312738337954955270,1312738337954955270,2020-10-04,14:56:23,@RuchNarodowy czy jak facet nosi skÃ³rzane kozaki to powinienem siÄ™ go obawiaÄ‡ i moÅ¼e sprobowac nawrÃ³ciÄ‡?,pl,2020-10-04 14:56:23
1312676896979771392,1312656198924005378,2020-10-04,10:52:15,@RuchNarodowy @krzysztofbosak @KONFEDERACJA_ Bez subwencji siÄ™ nie da,pl,2020-10-04 10:52:15
1312665854442602496,1312663747958312961,2020-10-04,10:08:22,@RuchNarodowy A mnie siÄ™ podoba @GrzegorzBraun_ pod sztandarami @RuchNarodowy,pl,2020-10-04 10:08:22
1312664733410000896,1312663747958312961,2020-10-04,10:03:55,"@RuchNarodowy Bardzo jestem ciekaw jak zachowa siÄ™ @AndrzejDuda, ktÃ³rego po zwyciÄ™skich wyborach okrzykniÄ™to ""prezydentem wsi"".",pl,2020-10-04 10:03:55
1312663092124319745,1312656198924005378,2020-10-04,09:57:23,@RuchNarodowy @krzysztofbosak @KONFEDERACJA_ MÄ™Å¼czyÅºni nie mogÄ… jeÅºdziÄ‡ camperami.,pl,2020-10-04 09:57:23
1312662707766689792,1312656198924005378,2020-10-04,09:55:52,@RuchNarodowy @krzysztofbosak @KONFEDERACJA_ W d.... sie przewraca,pl,2020-10-04 09:55:52
1312660512405151744,1312656198924005378,2020-10-04,09:47:08,"@RuchNarodowy @krzysztofbosak @KONFEDERACJA_ Sejm nie zwraca za hotele, czy szkoda kasy na tych oszustÃ³w?",pl,2020-10-04 09:47:08
1312660381568053248,1312656198924005378,2020-10-04,09:46:37,@RuchNarodowy @krzysztofbosak @KONFEDERACJA_ @KrzysztofBrejza @CTomczyk i tak wÅ‚aÅ›nie naziolki zdobywajÄ… gÅ‚osy. MoÅ¼e leniuchÃ³w z partii odstawiÄ‡ w nastÄ™pnych wyborach?,pl,2020-10-04 09:46:37
1312659465452376071,1312656198924005378,2020-10-04,09:42:59,"@RuchNarodowy @krzysztofbosak @KONFEDERACJA_ â€BÄ™dÄ™ braÅ‚ CiÄ™, w aucie...â€ - rozmarzyli siÄ™...",pl,2020-10-04 09:42:59
1312659191102877696,1312656198924005378,2020-10-04,09:41:53,"@RuchNarodowy @krzysztofbosak @KONFEDERACJA_ w ""ciÄ…gÅ‚ej trasie"" czy w ""ciÄ…gÅ‚ym transie? w imieniu ""naszej Polski"" pytam.",pl,2020-10-04 09:41:53
1312639451294765057,1312633549867094016,2020-10-04,08:23:27,@RuchNarodowy Bardzo dobre umiejscowienie praw wzglÄ™dem obowiÄ…zkÃ³w i bardzo dobre odniesienie do wspÃ³lnoty. Oby wszystkie ruchy i partie miaÅ‚y tak klarowne ujÄ™cie zgodne z #KNS.,pl,2020-10-04 08:23:27
1312633627684069378,1312628515460833281,2020-10-04,08:00:19,@RuchNarodowy @Konstancjaukow2 @MWszechpolska A cÃ³rka siÄ™ pogubiÅ‚a ...,pl,2020-10-04 08:00:19
1312478341182574593,1312271161817018368,2020-10-03,21:43:15,@RuchNarodowy Kurwa ...co za beÅ‚kot.,pl,2020-10-03 21:43:15
1312445188942434304,1312316459914149888,2020-10-03,19:31:31,@RuchNarodowy @LisowszczykA Kto w koÅ„cu podpisaÅ‚ umowÄ™ z rzÄ…dem?,pl,2020-10-03 19:31:31
1312441264441184259,1312437261917712384,2020-10-03,19:15:56,@RuchNarodowy @KONFEDERACJA_ GratulujÄ™ uczciwoÅ›ci i ciÄ™Å¼kiej pracy,pl,2020-10-03 19:15:56
1312314623006322688,1312308910334840832,2020-10-03,10:52:42,"@RuchNarodowy #zmiananaKlimat  co prawda, gdyby kasy im nie brakowaÅ‚o, to pewnie by zwlekali.  Dobry ruch. Zamiast kwestionowaÄ‡ zapytajcie, jak, gdzie i za ile rzÄ…d zabezpieczy dla gÃ³rnikÃ³w rozwÃ³j i pracÄ™.  Ale wy bÄ™dziecie to tylko politycznie wykorzystywaÄ‡ dla przyszÅ‚ych gÅ‚osÃ³w.",pl,2020-10-03 10:52:42
1312313287355363328,1312308910334840832,2020-10-03,10:47:23,"@RuchNarodowy JeÅ¼eli caÅ‚y narÃ³d ma utrzymywaÄ‡ nierentowne kopalnie i, wygÃ³rowane Å¼Ä…dania gÃ³rnikÃ³w to lepiej juÅ¼ dziÅ› zlikwidowaÄ‡ tÄ… patologiÄ™ . A jeÅ¼eli gÃ³rnicy majÄ… pomysÅ‚ jak wydobywaÄ‡ na warunkach takich jak wszyscy przedsiÄ™biorcy pÅ‚acÄ…c ZUS i wszystkie daniny to dajmy im wolnÄ… rÄ™kÄ™.",pl,2020-10-03 10:47:23
1312291788611358721,1312271161817018368,2020-10-03,09:21:58,@RuchNarodowy Rzeczpospolita mocarstwemâ€¦ twitterowym!   https://t.co/yvJvfsxUDR,pl,2020-10-03 09:21:58
1312288750140116993,1312271161817018368,2020-10-03,09:09:53,"@RuchNarodowy  https://t.co/Yxg1TeriYv Apeluje do  wszystkich,komu lezy na sercu dobro Polski o wysluchanie  wszystkich wykÅ‚adÃ³w  https://t.co/MBLlIDFDEg.Guza dostepnych na  https://t.co/bFrkeqkcSc jest dla nas wspÃ³Å‚czesny â€uniwersytet latajÄ…cyâ€",pl,2020-10-03 09:09:53
1312282178139631617,1312271161817018368,2020-10-03,08:43:46,"@RuchNarodowy  https://t.co/U1TuclnB4T PoproÅ›my Ks.Profesora Tadeusza Guza o pomoc w realizacji tego bardzo waÅ¼nego zadania.Organizujmy w regionach spotkania z naszym wspÃ³Å‚czesnym Sokratesem, Å›wiata nie naleÅ¼y chowaÄ‡ pod korcem .Narod powinien je poznaÄ‡.",pl,2020-10-03 08:43:46
1312124808490958848,1311934089704992768,2020-10-02,22:18:27,@RuchNarodowy PotÄ™Å¼ne XD,pl,2020-10-02 22:18:27
1312081401542569985,1312016315935264769,2020-10-02,19:25:58,@RuchNarodowy @urbaniak_michal Na darmo podpisaÅ‚?  https://t.co/wzRLTeKlDE,pl,2020-10-02 19:25:58
1312062865369595905,1311960616681304065,2020-10-02,18:12:18,@RuchNarodowy @KONFEDERACJA_ A korwiniÅ›ci teÅ¼ tam sÄ…? Po czyjej stojÄ… stronie?,pl,2020-10-02 18:12:18
1311993829541785602,1311960616681304065,2020-10-02,13:37:59,"@RuchNarodowy @KONFEDERACJA_ Zamiast zamykaÄ‡ wystarczy oddaÄ‡ zÅ‚emu burÅ¼uazyjnemu kapitaliÅ›cie, ktÃ³ry cudownie sprawi, Å¼e bÄ™dzie rentowna. W socjalizmie to nawet kopalnia zÅ‚ota moÅ¼e byÄ‡ nie rentowna ğŸ¤”",pl,2020-10-02 13:37:59
1311992765874671617,1311961622819168257,2020-10-02,13:33:45,"@RuchNarodowy @RobertWinnicki @krzysztofbosak @KONFEDERACJA_ Piszcie po polsku. PrzywÃ³dca, a nie Å¼aden ,,lider""!",pl,2020-10-02 13:33:45
1311971354841960448,1311946522322300931,2020-10-02,12:08:40,@RuchNarodowy GdyÅ¼ UE zdecydowanie dotrwa do 2049 roku ğŸ˜‚,pl,2020-10-02 12:08:40
1311966835185680390,1311960616681304065,2020-10-02,11:50:43,"@RuchNarodowy @KONFEDERACJA_ Hej, hej kilka miesiÄ™cy temu przywÃ³dcy @KONFEDERACJA_ nawoÅ‚ywali do zamykania kopalÅ„. DOÅšÄ† HIPOKRYZJI.",pl,2020-10-02 11:50:43
1311965906864570368,1311956466669154304,2020-10-02,11:47:02,"@RuchNarodowy @PiotrRSzymanski @KONFEDERACJA_ Protesty lgbt- Konfedaracja obecna, protesty gÃ³rnikÃ³w-Konfederacja obecna, protesty rolnikÃ³w-Konfederacja obecna. Jakie macie poglÄ…dy?",pl,2020-10-02 11:47:02
1311763502726553600,1311759946372046848,2020-10-01,22:22:45,"@RuchNarodowy @krzysztofbosak Co na to Prezydent?MyÅ›lÄ™,Å¼e on pogodzi PiS z ich wyborcami nie podpisujÄ…c tej ustawy!",pl,2020-10-01 22:22:45
1311753404180566016,1311682294244167681,2020-10-01,21:42:37,@RuchNarodowy PrzeszkodÄ… dla PiSu jest Konfederacja jako jedyna w sejmie Prawica ktÃ³ra punktuje lewacka partie PiSu. Za kÅ‚amstwa.,pl,2020-10-01 21:42:37
1311743438984032257,1311648208658018305,2020-10-01,21:03:01,@RuchNarodowy @KONFEDERACJA_ @RobertWinnicki @TudujKrzysztof @urbaniak_michal @annabrylka I to sÄ… prawdziwi posÅ‚owie ktÃ³rzy dbajÄ… o interes polskiego obywatela.,pl,2020-10-01 21:03:01
1311717787199516672,1311638338382770181,2020-10-01,19:21:05,"@RuchNarodowy @KONFEDERACJA_ @krzysztofbosak Ale przecieÅ¼ wystarczy ten cytat: """"Nie zatrudniamy ekspertÃ³w, bo jak zatrudnialiÅ›my ekspertÃ³w to nie chcieli oni realizowaÄ‡ naszego programu"". NIc dodaÄ‡ nie trzeba wiÄ™cej.",pl,2020-10-01 19:21:05
1311642008528859138,1311638338382770181,2020-10-01,14:19:58,"@RuchNarodowy @krzysztofbosak Warto zwrÃ³ciÄ‡ uwagÄ™ na jego kwalifikacje:  magister zootechniki, kierownik marketingu w prywatnym przedsiÄ™biorstwie, koordynator starostwa powiatowego, sekretarz stanu w Ministerstwie Funduszy i Polityki Regionalnej, peÅ‚nomocnik rzadu ds. organizacji Åšwiatowego Forum Miejskiego.",pl,2020-10-01 14:19:58
1311639962073341953,1311638338382770181,2020-10-01,14:11:50,"@RuchNarodowy @krzysztofbosak Krzysiu,a moÅ¼e jakieÅ› argumenty zamiast inwektyw.Tylko powaÅ¼nie bo jakoÅ›  Konfy nigdy nie widziaÅ‚em wczeÅ›niej jako obroÅ„cÃ³w wsi.Tylko bez demagogii typu Korwin,proszÄ™.",pl,2020-10-01 14:11:50
1311571853480275968,1311571853480275968,2020-10-01,09:41:12,@RuchNarodowy Jako Partia pomÃ³Å¼cie zorganizowaÄ‡ nowe wybory nowy rzÄ…d. Jakie sÄ… moÅ¼liwoÅ›ci zmiany rzÄ…du ? Co moÅ¼emy zrobiÄ‡ jako obywatele ? Czy juÅ¼ tylko siÅ‚Ä… trzeba?,pl,2020-10-01 09:41:12
1311566810022641664,1311565259681886209,2020-10-01,09:21:09,@RuchNarodowy @krzysztofbosak @PiotrSterkowski mistrz drugiego planu xD,pl,2020-10-01 09:21:09
1311561979321110529,1311561489254289413,2020-10-01,09:01:58,@RuchNarodowy @KONFEDERACJA_ Zapraszam do nas  https://t.co/UMN7rVIeOc,pl,2020-10-01 09:01:58
1311511922026651648,1311376015311147009,2020-10-01,05:43:03,"@RuchNarodowy @RobertWinnicki @KONFEDERACJA_ @krzysztofbosak Rolnictwo polskie musi zaczÄ…Ä‡ ratowaÄ‡ CaÅ‚y NarÃ³d,wspierajÄ…c rolnikÃ³w i organizacje, ktÃ³re przystÄ…piÄ… do takich dziaÅ‚aÅ„... To jest walka o Chleb Powszedni.Czekamy na wsparcie gÃ³rnikÃ³w,hutnikow,transportowcÃ³w i prywatnych przedsiÄ™biorcÃ³w. Wszyscy tego chleba bÄ™dziemy potrzebowaÄ‡!",pl,2020-10-01 05:43:03
1311421387073114115,1311407603734532096,2020-09-30,23:43:18,@RuchNarodowy @RobertWinnicki DokÅ‚adnie opisano.,pl,2020-09-30 23:43:18
1311419981410820096,1311415163875192832,2020-09-30,23:37:43,@RuchNarodowy @RobertWinnicki DokÅ‚adnie.,pl,2020-09-30 23:37:43
1311388349979123719,1311385438716923915,2020-09-30,21:32:01,@RuchNarodowy @TMija777 @KONFEDERACJA_ @RobertWinnicki Asystenci byliğŸ¤” https://t.co/bIEatTgrBp,cs,2020-09-30 21:32:01
1311365471204265991,1311289695746179073,2020-09-30,20:01:06,@RuchNarodowy @KONFEDERACJA_ Biomasa wreszcie zawyÅ‚a.,pl,2020-09-30 20:01:06
1311274238129721345,1311224486512013312,2020-09-30,13:58:35,@RuchNarodowy @RobertWinnicki @BMW Bierny Mierny (ale KaczyÅ„skiemu) Wierny  Czyli @GrzegorzPuda  https://t.co/x0BiCrEV7J,pl,2020-09-30 13:58:35
1311264657609555968,1311224486512013312,2020-09-30,13:20:31,@RuchNarodowy @KONFEDERACJA_ @RobertWinnicki Rolnicy niech sadzÄ… ziemniaki.,pl,2020-09-30 13:20:31
1311263402614980608,1311222141111726081,2020-09-30,13:15:31,"@RuchNarodowy @RobertWinnicki OpiekowaÅ‚ siÄ™ chorymi rodzicami, wychowywaÅ‚ mÅ‚odsze rodzeÅ„stwo, sam siÄ™ ksztaÅ‚ciÅ‚ i ich wyksztaÅ‚ciÅ‚. Jest profesorem kontytucjonalistÄ… KUL.",pl,2020-09-30 13:15:31
1311240395242835968,1311224486512013312,2020-09-30,11:44:06,@RuchNarodowy @RobertWinnicki  https://t.co/wKCUFe76m2,und,2020-09-30 11:44:06
1311232423255048192,1311224486512013312,2020-09-30,11:12:25,@RuchNarodowy @RobertWinnicki Bez Filozofii prosze  !     !     !,pl,2020-09-30 11:12:25
1311230371917443072,1311017142947590146,2020-09-30,11:04:16,@RuchNarodowy @R_A_Ziemkiewicz @KONFEDERACJA_ @krzysztofbosak Ziemkiewicz siÄ™ zawahaÅ‚ w czasie eurowyborÃ³w i tak mu moÅ¼na wierzyÄ‡ mÃ³wi co mu pasuje do narracji z ktÃ³rej  bÄ™dzie miaÅ‚ korzyÅ›ci... Ciekawe co mu obiecaliÅ›cie,pl,2020-09-30 11:04:16
1311227638313299968,1311017142947590146,2020-09-30,10:53:25,"@RuchNarodowy @KONFEDERACJA_ @krzysztofbosak @R_A_Ziemkiewicz Te ""tÅ‚umy"" to tylko wy widzicie. Jak na WarszawÄ™ to garstka.",pl,2020-09-30 10:53:25
1311218466402299904,1311217423895257088,2020-09-30,10:16:58,"@RuchNarodowy @krzysztofbosak ÅšmiaÄ‡ mi siÄ™ chce, Å¼e Lewica ktÃ³ra twierdzi Å¼e jest za prawami pracownika, rolnikami i rzemieÅ›lnikami, cieszy siÄ™ Å¼e moÅ¼e pozbawiÄ‡ ludzi pracy. xD  To juÅ¼ nie socjalizm. To inne sÅ‚owo na K.",pl,2020-09-30 10:16:58
1311217863731097600,1311217423895257088,2020-09-30,10:14:34,@RuchNarodowy @krzysztofbosak Za zÅ‚e ustawy powinni odp. PosÅ‚owie karnie bo to dziaÅ‚anie na szkodÄ™ PaÅ„stwa i Obywateli narodu .,pl,2020-09-30 10:14:34
1311217708411899910,1311017142947590146,2020-09-30,10:13:57,@RuchNarodowy @KONFEDERACJA_ @krzysztofbosak @R_A_Ziemkiewicz Zamierzacie organizowaÄ‡ protesty antycovidowe???,pl,2020-09-30 10:13:57
1311211021957320709,1311210456397348870,2020-09-30,09:47:23,@RuchNarodowy @KONFEDERACJA_ @RobertWinnicki @krzysztofbosak @urbaniak_michal @annabrylka kto was wybraÅ‚ ? Rozmawiam z tymi ludÅºmi  i mÃ³wiÄ… ze tylko dla tego Å¼e byli organizatorami MN . Ale siÄ™ pomylili.,pl,2020-09-30 09:47:23
1311195984312008704,1311187772204625921,2020-09-30,08:47:38,@RuchNarodowy @KONFEDERACJA_ @krzysztofbosak @R_A_Ziemkiewicz MoÅ¼na link?,pl,2020-09-30 08:47:38
1311195666589384704,1311017142947590146,2020-09-30,08:46:22,@RuchNarodowy @KONFEDERACJA_ @krzysztofbosak @R_A_Ziemkiewicz W Boga wierzÄ… ale nie w wirusa.,pl,2020-09-30 08:46:22
1311188169128316929,1311187772204625921,2020-09-30,08:16:34,"@RuchNarodowy @KONFEDERACJA_ @krzysztofbosak @R_A_Ziemkiewicz Mam wraÅ¼enie, Å¼e krok po kroku tworzycie historiÄ™.",pl,2020-09-30 08:16:34
1311105650076811272,1311017142947590146,2020-09-30,02:48:40,"@RuchNarodowy @R_A_Ziemkiewicz @KONFEDERACJA_ @krzysztofbosak Tylko dlaczego nie byÅ‚o transmisji ze spotkania, ktoÅ› siÄ™ baÅ‚ niewygodnych pytaÅ„ na Å¼ywo? Na przykÅ‚ad dlaczego Pan Winnicki nie rozliczyÅ‚ siÄ™ z 500 tys gÅ‚osÃ³w oddanych na RafaÅ‚a Trzaskowskiego w drugiej turze?",pl,2020-09-30 02:48:40
1311093461882482690,1311017142947590146,2020-09-30,02:00:14,@RuchNarodowy @R_A_Ziemkiewicz @KONFEDERACJA_ @krzysztofbosak A Sputnik teÅ¼ zostaÅ‚ zaproszony?...,pl,2020-09-30 02:00:14
1311083794494038024,1311017142947590146,2020-09-30,01:21:50,"@RuchNarodowy @KONFEDERACJA_ @krzysztofbosak @R_A_Ziemkiewicz I to jest to ""kilkaset""osob???Wy tez nie potraficie policzyc do 100?",pl,2020-09-30 01:21:50
1311079919259193351,1311017142947590146,2020-09-30,01:06:26,"@RuchNarodowy @R_A_Ziemkiewicz @KONFEDERACJA_ @krzysztofbosak ByÅ‚o coÅ› o petruizacji finansÃ³w Konfederacji? PokaÅ¼cie (koniecznie bez maski) tego, ktÃ³ry zarzÄ…dzaÅ‚ funduszami wyborczymi.",pl,2020-09-30 01:06:26
1311077485476536321,1311017142947590146,2020-09-30,00:56:45,"@RuchNarodowy @KONFEDERACJA_ @krzysztofbosak @R_A_Ziemkiewicz ""Te ""tÅ‚umy "" na zdjÄ™ciu,to ok 100 osÃ³b.Jak widaÄ‡ ""goÅ›Ä‡ specjalny "" niewiele pomÃ³gÅ‚.",pl,2020-09-30 00:56:45
1311076369225351168,1311017142947590146,2020-09-30,00:52:19,@RuchNarodowy @R_A_Ziemkiewicz @KONFEDERACJA_ @krzysztofbosak UwaÅ¼ajcie by siÄ™ nie podusiÄ‡ğŸ¤“,pl,2020-09-30 00:52:19
1311065605844467712,1311017142947590146,2020-09-30,00:09:33,@RuchNarodowy @R_A_Ziemkiewicz @KONFEDERACJA_ @krzysztofbosak PotÄ™Å¼ne tÅ‚umy :) heheheh bez jaj,pl,2020-09-30 00:09:33
1311064765998010369,1311017142947590146,2020-09-30,00:06:13,"@RuchNarodowy @KONFEDERACJA_ @krzysztofbosak @R_A_Ziemkiewicz TÅ‚umÃ³w nie widaÄ‡. Jako sympatyk Konfederacji cieszÄ™ siÄ™, Å¼e na spotkanie z RAZ maÅ‚o kto chce przyjÅ›Ä‡",pl,2020-09-30 00:06:13
1311046394082361351,1311017142947590146,2020-09-29,22:53:13,@RuchNarodowy @R_A_Ziemkiewicz @KONFEDERACJA_ @krzysztofbosak A czy tematem spotkania byÅ‚ teÅ¼ wÄ…tek odrzucenia sprawozdania finansowego komitetu wyborczego KONFEDERACJA przez PKW?,pl,2020-09-29 22:53:13
1311046274477707266,1311017142947590146,2020-09-29,22:52:44,"@RuchNarodowy @KONFEDERACJA_ @krzysztofbosak @R_A_Ziemkiewicz Jak tak posiedzÄ… to bedÄ… potrzebowaÄ‡ koÅ„skiej maÅ›ci na bÃ³l dupy,bo to Przeciesz kuce.ğŸ¤£ğŸ¤£ğŸ¤£ğŸ¤£ğŸ¤£",pl,2020-09-29 22:52:44
1311043596594876416,1311017142947590146,2020-09-29,22:42:06,@RuchNarodowy @R_A_Ziemkiewicz @KONFEDERACJA_ @krzysztofbosak Co to za delikwent z podpaska na twarzy na pierwszym planie? Pasuje tam jak Å›wini siodÅ‚o.,pl,2020-09-29 22:42:06
1311041197528547328,1311017142947590146,2020-09-29,22:32:34,@RuchNarodowy @R_A_Ziemkiewicz @KONFEDERACJA_ @krzysztofbosak Na YT juÅ¼ jest?,pl,2020-09-29 22:32:34
1311039462240129024,1311017142947590146,2020-09-29,22:25:40,"@RuchNarodowy @KONFEDERACJA_ @krzysztofbosak @R_A_Ziemkiewicz Woly rynek, deregulacja - #Konfederacja.",pl,2020-09-29 22:25:40
1311038367564472321,1311017142947590146,2020-09-29,22:21:19,"@RuchNarodowy @R_A_Ziemkiewicz @KONFEDERACJA_ @krzysztofbosak Nie wiem, czy dobrze odczytaÅ‚em intencje organizatorÃ³w, ale znam przyjemniejsze metody stymulowania wzrostu zachorowaÅ„ na COVID.",pl,2020-09-29 22:21:19
1311037856132083713,1311017142947590146,2020-09-29,22:19:17,"@RuchNarodowy @R_A_Ziemkiewicz @KONFEDERACJA_ @krzysztofbosak Nie wiadomo, ktÃ³ry twÃ³r lepszy. Czy ten co nie kryje swoich faszystowskich ideologii i masakruje wszystko co nie pasuje do ich wzornika, czy ten co udaje, Å¼e caÅ‚uje krzyÅ¼, a wbija kosÄ™ pod Å¼ebro. Jedni drugich warci...",pl,2020-09-29 22:19:17
1311036477204201474,1311017142947590146,2020-09-29,22:13:48,@RuchNarodowy @R_A_Ziemkiewicz @KONFEDERACJA_ @krzysztofbosak DaliÅ›cie nie to zdjÄ™cie ... na tym tÅ‚umÃ³w nie ma,pl,2020-09-29 22:13:48
1311036150870691840,1311017142947590146,2020-09-29,22:12:30,@RuchNarodowy @R_A_Ziemkiewicz @KONFEDERACJA_ @krzysztofbosak Konfederacja nie ma  nic wspÃ³lnego z ideaÅ‚ami narodowymi.,pl,2020-09-29 22:12:30
1311036116892606472,1311017142947590146,2020-09-29,22:12:22,@RuchNarodowy @R_A_Ziemkiewicz @KONFEDERACJA_ @krzysztofbosak Ten tÅ‚um to bardziej tÅ‚umik :),pl,2020-09-29 22:12:22
1311035834678865920,1311017142947590146,2020-09-29,22:11:15,"@RuchNarodowy @R_A_Ziemkiewicz @KONFEDERACJA_ @krzysztofbosak Hahahaha, tÅ‚umy!!! Komedianci",pl,2020-09-29 22:11:15
1311032780395106304,1311002803377242119,2020-09-29,21:59:07,@RuchNarodowy @AgulaBrzydula A tak siÄ™ cieszyli jak Duda wygraÅ‚ hmmm szkoda mi ich bo mam respekt do RolnikÃ³w.,pl,2020-09-29 21:59:07
1311022835305938949,1311002803377242119,2020-09-29,21:19:36,@RuchNarodowy @TudujKrzysztof Dla dodania animushu polecam #podlaski #bimber  https://t.co/kqoUKr9Rwk,pl,2020-09-29 21:19:36
1311018993214541824,1311017142947590146,2020-09-29,21:04:20,@RuchNarodowy @KONFEDERACJA_ @krzysztofbosak @R_A_Ziemkiewicz Czy na tym spotkaniu sÄ… czÅ‚onkowie Lewicy ?  https://t.co/Kpnd77ntQe,pl,2020-09-29 21:04:20
1311017111146369026,1311002803377242119,2020-09-29,20:56:51,"@RuchNarodowy @RobertWinnicki Nie,no wszystko fajnie, tylko Braun czyta to z dykcjÄ… i manierÄ… lektora Polskiej Kroniki Filmowej. Nie wiem czy taki efekt byÅ‚ zamierzony.",pl,2020-09-29 20:56:51
1311005325173104640,1311002803377242119,2020-09-29,20:10:01,@RuchNarodowy @RobertWinnicki 800 FERM I TAKI SZUM ?,pl,2020-09-29 20:10:01
1311002355501019136,1311001003634888706,2020-09-29,19:58:13,"@RuchNarodowy @krzysztofbosak @R_A_Ziemkiewicz Szkoda, Å¼e nie zadbaliÅ›cie o transmisje. Ziemkiewiczowskie kÅ‚amstwa na temat Konfederacji transmitowane byÅ‚y do milionÃ³w widzÃ³w.",pl,2020-09-29 19:58:13
1311002239729885186,1311001003634888706,2020-09-29,19:57:45,@RuchNarodowy @krzysztofbosak @R_A_Ziemkiewicz Ziemkiewicz kaÅ¼dy wie Å¼e jest pseldo dziennikarzem  pisowskie dostaje z tego niezÅ‚Ä… kasÄ™.won z tym typem ktÃ³ry pochodzi   od maÅ‚py sam to powiedziaÅ‚ dla TV.IDz pod prÄ…d,pl,2020-09-29 19:57:45
1311001716532359168,1311001003634888706,2020-09-29,19:55:41,"@RuchNarodowy @krzysztofbosak @R_A_Ziemkiewicz Tak. Jest. I oprÃ³cz permanentnych atakÃ³w z lewej strony, obrywa teÅ¼ czÄ™sto , a to raz od elektoratu Konfy, a to PiS.",pl,2020-09-29 19:55:41
1310988787095306240,1310864660258869248,2020-09-29,19:04:18,"@RuchNarodowy @krzysztofbosak Od kiedy Ruch Narodowy zaczÄ…Å‚ prezentowaÄ‡ taki poglÄ…d, poczuÅ‚am, ze nareszcie mam reprezentanta moich poglÄ…dÃ³w na arenie politycznej :)",pl,2020-09-29 19:04:18
1310978088138833921,1310977326335832071,2020-09-29,18:21:47,"@RuchNarodowy BÄ™dzie transmisja, dla prowincji? ğŸ™‚",pl,2020-09-29 18:21:47
1310951743161880579,1310944945394593807,2020-09-29,16:37:06,"@RuchNarodowy @KONFEDERACJA_ @krzysztofbosak @R_A_Ziemkiewicz Czy bÄ™dzie moÅ¼na TO spotkanie gdzieÅ› obejrzeÄ‡.  ProszÄ™, nie pozbawiajcie mnie tej UCZTY - mieszkam na Dolnym ÅšlÄ…sku, nie dojadÄ™.",pl,2020-09-29 16:37:06
1310946662957940743,1310944945394593807,2020-09-29,16:16:55,@RuchNarodowy @KONFEDERACJA_ @krzysztofbosak @R_A_Ziemkiewicz Czy moÅ¼na wiedzieÄ‡ czy bÄ™dzie relacja live?,pl,2020-09-29 16:16:55
1310945880728571906,1310944945394593807,2020-09-29,16:13:48,@RuchNarodowy @KONFEDERACJA_ @krzysztofbosak @R_A_Ziemkiewicz Czy bÄ™dzie live z tego spotkania? @wrealu24_pl @MediaNarodoweMN,pl,2020-09-29 16:13:48
1310915570339123200,1310882009330442242,2020-09-29,14:13:22,@RuchNarodowy Klarenbach chce sie upodobnic do swojej papusnej zony???,pl,2020-09-29 14:13:22
1310867820109074432,1310867509093060608,2020-09-29,11:03:37,"@RuchNarodowy @KONFEDERACJA_ @MichalWawer Powodzenia, prawda sama siÄ™ obroni :)",pl,2020-09-29 11:03:37
1310865177793921026,1310864660258869248,2020-09-29,10:53:07,"@RuchNarodowy @krzysztofbosak Niestety tak siÄ™ nie da. Jest wolnoÅ›Ä‡ sÅ‚owa i wolnoÅ›Ä‡ zgromadzeÅ„. Kto inny powie ""zakaz promowania idei narodowej"" i co? NaleÅ¼y przekonywaÄ‡ innych do swoich racji dobrowolnie a nie przez zakazy i cenzurÄ™. Te czasy minÄ™Å‚y.",pl,2020-09-29 10:53:07
1310850043356868608,1310848033479970816,2020-09-29,09:52:59,@RuchNarodowy @krzysztofbosak @tvp_info @KONFEDERACJA_ Nie posÅ‚ucham bo mam bana u Bosaka,pl,2020-09-29 09:52:59
1310841383679295489,1310832933901611008,2020-09-29,09:18:34,"@RuchNarodowy @KONFEDERACJA_ @RobertWinnicki SÅ‚owo klucz: ""powinnien"".",pl,2020-09-29 09:18:34
1310659066478419971,1310519388760662016,2020-09-28,21:14:06,@RuchNarodowy @krzysztofbosak @tvp_info OdnoszÄ™ wraÅ¼enie Å¼e te elity to wylÄ™garnia dewiantÃ³w i zboczeÅ„cÃ³w .,pl,2020-09-28 21:14:06
1310594345372971010,1310565889654304770,2020-09-28,16:56:56,"@RuchNarodowy @K_Kaminski_ Co za kurwa brednie,To ziemia Ormian od zawsze,Turcy odciÄ™li Karabach od Armenii mordujÄ…c pas zamieszkaÅ‚y przez Ormian i zasiedlajÄ…c muzuÅ‚manami,a Stalin doÅ‚Ä…czyÅ‚ do AzerbejdÅ¼anu resztÄ™ zamieszkaÅ‚a przez Ormian.",pl,2020-09-28 16:56:56
1310572772456890370,1310549821829255168,2020-09-28,15:31:12,"@RuchNarodowy @KONFEDERACJA_ @krzysztofbosak @R_A_Ziemkiewicz PrzyjdÄ™,nareszcie trafiÅ‚em w terminğŸ˜Pozdrawiam",pl,2020-09-28 15:31:12
1310552437854547969,1310549821829255168,2020-09-28,14:10:24,@RuchNarodowy @KONFEDERACJA_ @krzysztofbosak @R_A_Ziemkiewicz Ziemkiewicz jaki goÅ›Ä‡ specjalny - wreszcie ktoÅ› tego goÅ›cia wÅ‚aÅ›ciwie nazwaÅ‚. On jest rzeczywiÅ›cie goÅ›ciem z potrzebami specjalnymi.,pl,2020-09-28 14:10:24
1310535303996878848,1310512071314780161,2020-09-28,13:02:19,@RuchNarodowy Kiedy tÄ… babÄ™ z Polski pognajÄ…?,pl,2020-09-28 13:02:19
1310521599045570560,1310519388760662016,2020-09-28,12:07:52,@RuchNarodowy @krzysztofbosak @tvp_info Hm wedÅ‚ug mnie musi w koÅ„cu przejÄ…Ä‡ wÅ‚adzÄ™ ktoÅ› z rozumem a nie orzechem i pierdolnÄ…Ä‡ rÄ™kÄ… w stÃ³Å‚ i powiedzieÄ‡ wypierdalaÄ‡ pijawy jebane,pl,2020-09-28 12:07:52
1310517765762101253,1310512071314780161,2020-09-28,11:52:38,"@RuchNarodowy To ""wstawanie z kolan"" koÅ„czy siÄ™ zawsze lÄ…dowaniem na pysk w kroczu amerykanÃ³w i Å¼ydÃ³w... ostatnio i unijnych prominentÃ³w. Nie ma nikogo na tym Å›wiecie, komu partia PiS nie zrobiÅ‚aby laski dla wÅ‚asnych celÃ³w.",pl,2020-09-28 11:52:38
1310513195401056256,1310512071314780161,2020-09-28,11:34:28,@RuchNarodowy Jest jeszcze Albania i Marek PrawdağŸ˜œ,pl,2020-09-28 11:34:28
1310505315675394049,1310504524143099904,2020-09-28,11:03:09,"@RuchNarodowy Dzisiejsza mÅ‚odziez to zniewolone mÃ³zgi, juÅ¼ w sumie wyprane. Dzisiejsza mÅ‚odziez oczywiÅ›cie nie wszyscy nie myÅ›lÄ… samodzielnie. Zachlysnieci tv, fb nie potrafiÄ… pomyÅ›leÄ‡ poszukaÄ‡ poczytaÄ‡ zastanowiÄ‡ siÄ™. Przykre",pl,2020-09-28 11:03:09
1310504000182157317,1310470546111344640,2020-09-28,10:57:56,@RuchNarodowy @K_Kaminski_ Jeszcze niech zabierze tÄ… malowanÄ… idiote z Polski.,pl,2020-09-28 10:57:56
1310487307808649218,1310474323874865152,2020-09-28,09:51:36,"@RuchNarodowy @liberda_lucyna @KONFEDERACJA_ Po Ziemkiewiczu moÅ¼e nawrÃ³cÄ… siÄ™  Andruszkiewicz, BÄ…kiewicz czy Kowalski ich sobie weÅºcie to oni sÄ… z waszego podwÃ³rka!!! Normalnych PolakÃ³w nie wciÄ…gajcie w to gÃ³wno zwane poltykÄ…. Albo u Jaruzelskiej poszukajcie czÅ‚onkÃ³w!",pl,2020-09-28 09:51:36
1310201603711008770,1310194980720312323,2020-09-27,14:56:19,"@RuchNarodowy Czekaj, nazywacie inne poglÄ…dy nienormalnymi a teraz pÅ‚aczecie, Å¼e ktoÅ› uznaÅ‚Â Wasze poglÄ…dy za nienormalne wedÅ‚ug swoich kryteriÃ³w? XD",pl,2020-09-27 14:56:19
1310187504016949253,1310187436232699909,2020-09-27,14:00:17,@RuchNarodowy @KONFEDERACJA_ *sÅ‚ychaÄ‡,pl,2020-09-27 14:00:17
1310171931371606016,1310164782251679750,2020-09-27,12:58:24,@RuchNarodowy kiedy jest przewidziany ZambrÃ³w?,pl,2020-09-27 12:58:24
1310148981868167168,1310147165570961408,2020-09-27,11:27:13,@RuchNarodowy Rozwijajmy siÄ™ bo inaczej niczego nie osiÄ…gniemy,pl,2020-09-27 11:27:13
1309917946165288960,1309917597010403328,2020-09-26,20:09:10,@RuchNarodowy @krzysztofbosak Hyba jednak czas robiÄ‡ brexit Polski,pl,2020-09-26 20:09:10
1309917279065452545,1309911326492368896,2020-09-26,20:06:31,"@RuchNarodowy @RobertWinnicki OczywiÅ›cie. ZresztÄ… dziÅ›, w porywie szczeroÅ›ci, wyznaÅ‚ to sam Karnowski.  https://t.co/drvhxF97KS",pl,2020-09-26 20:06:31
1309912956172460033,1309911326492368896,2020-09-26,19:49:20,"@RuchNarodowy @RobertWinnicki Nastepna stronnicza pseudo ""dziennikarka"" w rozmowie ze dzbanem ktÃ³ry banuje kaÅ¼dego co ma odmienne zdanie. ğŸ‘",pl,2020-09-26 19:49:20
1309912195208183808,1309911326492368896,2020-09-26,19:46:18,@RuchNarodowy @RobertWinnicki Typowa onuca.,pl,2020-09-26 19:46:18
1309859076185223169,1309859076185223169,2020-09-26,16:15:14,@RuchNarodowy @RNMalopolska  zdobywamy wiedzÄ™ i szczyty. #NarodowyLider  https://t.co/Jks9o2Uikm,pl,2020-09-26 16:15:14
1309832317536481280,1309807066652053511,2020-09-26,14:28:54,@RuchNarodowy @AronuzL @RobertWinnicki A czy moÅ¼na byÅ‚o oczekiwaÄ‡ czegoÅ› innego?,pl,2020-09-26 14:28:54
1309825563494952960,1309790742219386880,2020-09-26,14:02:04,"@RuchNarodowy @gsdfgsgdf @RobertWinnicki Hau,hau,hauğŸ˜‚ğŸ˜‚ğŸ˜‚ğŸ˜‚ğŸ˜‚ğŸ˜‚",cy,2020-09-26 14:02:04
1309824639821139968,1309823567555690497,2020-09-26,13:58:24,@RuchNarodowy @RobertWinnicki DÅ‚ugo nie walczyÅ‚y te zwiÄ…zki czyli... musieli byÄ‡ juÅ¼ wstepnie dogadani wczeÅ›niej.,pl,2020-09-26 13:58:24
1309824556643815424,1309823567555690497,2020-09-26,13:58:04,"@RuchNarodowy @RobertWinnicki Z tym Winnickim ""pokÅ‚Ã³ciÅ‚abym"" siÄ™ troszeczkÄ™ - pokÅ‚Ã³ciÅ‚aÅ‚a z akcentowanym przednim Å.",pl,2020-09-26 13:58:04
1309823972268281857,1309823567555690497,2020-09-26,13:55:44,"@RuchNarodowy @RobertWinnicki Jak siÄ™ niszczy polski wÄ™giel â€w imiÄ™ ludzkoÅ›ci, planety i dobrobytuâ€â€¦ Agenda 2030 priorytetem rzÄ…du PiS  https://t.co/HORHY3jx7V",pl,2020-09-26 13:55:44
1309821278006767617,1309813725290024960,2020-09-26,13:45:02,"@RuchNarodowy @RobertWinnicki AleÅ¼ oczywiÅ›cie, Å¼e trzeba likwidowaÄ‡ gÃ³rnictwo. Wiem o czym mÃ³wiÄ™. Wiele lat pracowaÅ‚em na Å›cianie. Szanownym panom politykom-znawcom rzeczy wszelakiej, proponujÄ™ z tej strony popatrzeÄ‡ na rzeczywistoÅ›Ä‡. Od strony gÃ³rnikÃ³w, ich matek, Å¼on, dzieci. To tak delikatnie na razie",pl,2020-09-26 13:45:02
1309820798316818432,1309807066652053511,2020-09-26,13:43:08,"@RuchNarodowy @RobertWinnicki SiÄ™ obudzicie, tÄ™pe Ä‡woki, jak wam woda podejdzie pod te tÄ™pe Å‚by, a ptaki bÄ™dziecie obserwowaÄ‡ w muzeum. Polski, kurwa, przemysÅ‚ macie we Å‚bach a'la Wokulski",pl,2020-09-26 13:43:08
1309811824402083841,1309790742219386880,2020-09-26,13:07:28,"@RuchNarodowy @KONFEDERACJA_ @RobertWinnicki ZP rozrosÅ‚a siÄ™ tak bardzo w centrum, Å¼e dÅ‚uÅ¼ej jest nie do utrzymania jako monolit. MÄ…drze, zaczynajÄ… dzieliÄ‡ ten tort na stronnictwo 'centrum na lewo' z mateuszkiem, naczelnikiem i bankowcami mateuszka i stronnictwo 'centrum na prawo' z prezydentem, Szydlo i Ziobro. 1/2",pl,2020-09-26 13:07:28
1309793041759244288,1309790742219386880,2020-09-26,11:52:50,@RuchNarodowy @RobertWinnicki Nie zgadzam siÄ™ z Panem PosÅ‚em @RobertWinnicki : To my Polacy jesteÅ›my najwiÄ™kszym przegranym tej caÅ‚ej rozgrywki. Politycy mogÄ… jedynie byÄ‡ uÅ¼yteczni (sÅ‚uÅ¼Ä… OjczyÅºnie) albo bezuÅ¼yteczni (nieroby i szkodniki). Innej opcji nie ma. A politykÃ³w naleÅ¼y sobie wychowaÄ‡...,pl,2020-09-26 11:52:50
1309758462361063431,1309752887602540544,2020-09-26,09:35:26,@RuchNarodowy Bez sensu ognisko w piÄ…tek. Bez kieÅ‚basek?,pl,2020-09-26 09:35:26
1309748331590168577,1309739626580631554,2020-09-26,08:55:10,@RuchNarodowy @MarekSzewczyk_ @KONFEDERACJA_  https://t.co/MsC2p3AIjM,und,2020-09-26 08:55:10
1309626418763124736,1309417361716523009,2020-09-26,00:50:44,@RuchNarodowy @badach_dariusz 23447,und,2020-09-26 00:50:44
1309525774312124419,1309523052854521861,2020-09-25,18:10:49,"@RuchNarodowy @KONFEDERACJA_ A propo wiatrakÃ³w, jeÅ¼dÅ¼Ä™ sporo po Polsce i mam pytanie.  Dlaczego np na 7 wiatrakÃ³w krÄ™ci siÄ™ maks 2 czsem 3 i to tak ospale? Pytam bo nie tego, nie znam siÄ™ na ""wiatrakologi""",pl,2020-09-25 18:10:49
1309495032685244416,1309492854423605249,2020-09-25,16:08:39,"@RuchNarodowy Stanowcza i jednoznaczna deklaracja. Jakie jest wiÄ™c Wasze stanowisko, decyzjÄ™, deklaracje wzglÄ™dem edukowania dzieci, mÅ‚odzieÅ¼y, czy dorosÅ‚ych wzglÄ™dem prawa +16?",pl,2020-09-25 16:08:39
1309444007970430977,1309443697256394752,2020-09-25,12:45:54,@RuchNarodowy @KONFEDERACJA_ @RobertWinnicki Zdrady wszÄ™dzie gÃ³rnicy pewnie wam wÄ™giel przywozo,pl,2020-09-25 12:45:54
1309416798064979970,1309413581520171009,2020-09-25,10:57:47,"@RuchNarodowy @KONFEDERACJA_ Solidarnosc polega na tym, ze nie jest obowiazkowa.  Obowiazkowy seks to gwalt. Obowiazkowa solidarnosc to tez gwalt.",pl,2020-09-25 10:57:47
1309249134130589698,1309153115187359749,2020-09-24,23:51:32,@RuchNarodowy @krzysztofbosak @jkardanowski Jedyna prawica w sejmie jest Konfederacja.czy ktoÅ› ma wÄ…tpliwoÅ›ci.chyba nie.pis to Zydo-Komuna.amen.,pl,2020-09-24 23:51:32
1309222221630578690,1309149341236559874,2020-09-24,22:04:36,@RuchNarodowy @RobertWinnicki @KONFEDERACJA_ @urbaniak_michal @PiotrCezary1 Bardzo przytomne wystÄ…pienie i przeciwdziaÅ‚anie skutkom wychodzÄ…cym duÅ¼o dalej poza sferÄ™ samego rolnictwa. Celny chwyt.,pl,2020-09-24 22:04:36
1309179751752445954,1309173248056205312,2020-09-24,19:15:50,@RuchNarodowy @PolsatNewsPL @KONFEDERACJA_ @urbaniak_michal @RuchNarodowy JuÅ¼ niebawem nowy wicepremier do ministrÃ³w w rzÄ…dzie: SÅ‚uchaÄ‡ siÄ™ pana premiera bo jak nie to... premier wam pokaÅ¼e,pl,2020-09-24 19:15:50
1309168710125576195,1309168215969263616,2020-09-24,18:31:58,@RuchNarodowy @RobertWinnicki sÄ… takie stanowiska w alternatywnym Å›wiecie  https://t.co/ddQsXIAoRf,pl,2020-09-24 18:31:58
1309168619977400327,1309168215969263616,2020-09-24,18:31:36,@RuchNarodowy @RobertWinnicki Do jakiej historii siÄ™ w Polsce odwoÅ‚ujecie,pl,2020-09-24 18:31:36
1309150064699420678,1309149341236559874,2020-09-24,17:17:52,@RuchNarodowy @KONFEDERACJA_ @urbaniak_michal @PiotrCezary1 Fajnie.,pl,2020-09-24 17:17:52
1309136186045333506,1309054971401306112,2020-09-24,16:22:43,@RuchNarodowy @KONFEDERACJA_ @krzysztofbosak Jeden z liderÃ³w.,pl,2020-09-24 16:22:43
1309122490883600385,1309070073647292418,2020-09-24,15:28:18,@RuchNarodowy @KONFEDERACJA_ @TudujKrzysztof Jutro siÄ™ meldujemy ;),pl,2020-09-24 15:28:18
1309089643829374976,1309073843542265859,2020-09-24,13:17:47,@RuchNarodowy @RadioWNET @KONFEDERACJA_ I z tym siÄ™ zgadzam piÄ™knie wypunktowane idiotyczne przepisy ktÃ³re wymyÅ›liÅ‚ nie wiadomo kto a jaruÅ› przyklepaÅ‚. Precz z dyktatorem kaczorem.,pl,2020-09-24 13:17:47
1309047019986726912,1309036094223155200,2020-09-24,10:28:25,"@RuchNarodowy @RobertWinnicki Skoro @robertwinnicki tak powiedziaÅ‚ i to jest zÅ‚y rzÄ…d, to do roboty chÅ‚opaki z @RuchNarodowy ! WeÅºta w mocarne dÅ‚onie kÅ‚onice, bejsbole, maczety i inne narzÄ™dzia. Do ataku! I utwÃ³rzcie Polski RzÄ…d Narodowy. Korwin - premier, Winnicki - resorty siÅ‚owe, a dalej wsio rawno.",pl,2020-09-24 10:28:25
1308736405489803265,1308730429881581568,2020-09-23,13:54:08,@RuchNarodowy @KONFEDERACJA_ @urbaniak_michal @PiotrCezary1 Nie ustawajcie bo was WÃ³jciki przerobiÄ… na pokarm dla norekğŸ˜€,pl,2020-09-23 13:54:08
1308673125857603584,1308669931324538881,2020-09-23,09:42:41,"@RuchNarodowy Plotki, o homoseksualnych inklinacjach naczelnika, zdajÄ… siÄ™ potwierdzaÄ‡. Co wcale mnie nie cieszy, ale i jakoÅ› nie dziwi. No i moskale teÅ¼ jakoÅ› mi siÄ™ dobrze nie kojarzÄ….",pl,2020-09-23 09:42:41
1308671724041441281,1308669931324538881,2020-09-23,09:37:07,"@RuchNarodowy Zaprzestanie walki ideologicznej. Czytajcie ze zrozumieniem.   Å»eby wspieraÄ‡ KonfÄ™ w jej obecnym ksztaÅ‚cie, z munrolami typu Korwin, Braun, Winnicki, a nawet SoÅ›nierz,  trzeba by siÄ™ wprzÃ³dy dobrze napiÄ‡. Sorry, aÅ¼ tak nawalony nie jestem.",pl,2020-09-23 09:37:07
1308671334084378624,1308666156543336448,2020-09-23,09:35:34,"@RuchNarodowy @MichalWawer @KONFEDERACJA_ A moÅ¼e o tym coÅ›, dlaczego USA i Chiny nie sÄ… w programie COVAX, do ktÃ³rego nas wepchnÄ™li w UE?!  https://t.co/OzjJgCrSzl",pl,2020-09-23 09:35:34
1308410346957348866,1308375492693639168,2020-09-22,16:18:30,@RuchNarodowy @skrecamywprawo DosyÄ‡ rzÄ…dÃ³w popisu!,pl,2020-09-22 16:18:30
1308391960533774336,1308383042310934528,2020-09-22,15:05:26,"@RuchNarodowy @KONFEDERACJA_ Jak na razie jako osobnik gÅ‚osujÄ…cy w pierwszej turze na K. B., a poprzednio zmiennie na NarodowcÃ³w lub PiS - z niesmakiem wracam, ale do tego drugiego. Obrona futerkowcÃ³w, pÅ‚askoziemskie teorie ws maseczek - ogÃ³lnie skorwinienie prawicy - to niestety za wiele.",pl,2020-09-22 15:05:26
1308378207691960320,1308375492693639168,2020-09-22,14:10:47,"@RuchNarodowy Macie racjÄ™ ,czas ich powstrzymaÄ‡,.,.  https://t.co/qBv0Ipy3Tq",pl,2020-09-22 14:10:47
1308363763406569472,1308337743471222785,2020-09-22,13:13:24,@RuchNarodowy @JacekPodgorski @krzysztofbosak 100%,und,2020-09-22 13:13:24
1308355487826612225,1308337743471222785,2020-09-22,12:40:31,@RuchNarodowy @krzysztofbosak Dochodowe i etyczne? Oj grzeje konfa tym tematem. AÅ¼ bojÄ™ siÄ™ innych.,pl,2020-09-22 12:40:31
1308354364235448326,1308337743471222785,2020-09-22,12:36:03,@RuchNarodowy @krzysztofbosak  https://t.co/BZlpQ2yvV8,und,2020-09-22 12:36:03
1308354188691353605,1308337743471222785,2020-09-22,12:35:21,@RuchNarodowy @krzysztofbosak Etyczne? Nosz kurwa...,pl,2020-09-22 12:35:21
1308340658009243648,1308337743471222785,2020-09-22,11:41:35,@RuchNarodowy @JacekPodgorski @krzysztofbosak  https://t.co/kX2T2NAzeH,und,2020-09-22 11:41:35
1308340287299878912,1308337743471222785,2020-09-22,11:40:06,"@RuchNarodowy @JacekPodgorski @krzysztofbosak niebezpieczny faszysta, nierÃ³b, nigdzie nie pracowaÅ‚ i nie pÅ‚aciÅ‚ podatkÃ³w ....",pl,2020-09-22 11:40:06
1308335933859794944,1308311318504628224,2020-09-22,11:22:48,@RuchNarodowy @RobertWinnicki @KONFEDERACJA_ Totalne bzdury  https://t.co/TIonpRHBll,pl,2020-09-22 11:22:48
1308335482254876672,1308334523072028672,2020-09-22,11:21:01,"@RuchNarodowy @krzysztofbosak @SolidarnaPL Jestem katoliczkÄ…, ideowcem, jak moÅ¼e katolik popieraÄ‡ ubÃ³j rytualny?",pl,2020-09-22 11:21:01
1308328738677981184,1308311318504628224,2020-09-22,10:54:13,"@RuchNarodowy @zbigniew_slomsk @KONFEDERACJA_ Rozumiem Å¼e w przypadku zmiany u wÅ‚adzy ci zdrajcy stanÄ… przed trybunalem za dziaÅ‚anie na szkodÄ™ paÅ„stwa? czy dalej bÄ™dzie jak byÅ‚o, my nie ruszamy waszych, wy naszych? ğŸ¤”",pl,2020-09-22 10:54:13
1308325282991013888,1308299997343936512,2020-09-22,10:40:29,@RuchNarodowy @RSzczecinDF @KONFEDERACJA_ Nie lubiÄ™ sÅ‚owa â€razemâ€. OmijaÅ‚bym je w oficjalnym przekazie... ğŸ˜‰,pl,2020-09-22 10:40:29
1308314713693052928,1308311318504628224,2020-09-22,09:58:29,@RuchNarodowy @KONFEDERACJA_ Quo Vadis Polsko?,und,2020-09-22 09:58:29
1308312025261584384,1308004675644534785,2020-09-22,09:47:48,"@RuchNarodowy @RobertWinnicki @R_A_Ziemkiewicz naprawde promuje Pan ta zalosna demagogie? Przeciez dobrze Pan wie ze nie chodzi o lapowki i przestepstwa, ale o ciaganie PiSowcow po sadach za zakup nie najwyzszej jakosci srodkow w marcu 2020 gdy bralo sie co popadnie. Czemu nagle az taki zwrot?",pl,2020-09-22 09:47:48
1308299938518892544,1308279861048414209,2020-09-22,08:59:47,@RuchNarodowy @KONFEDERACJA_ @krzysztofbosak @Radio_TOK_FM @se_pl @tvn24 Taka maÅ‚a uwaga. Jeden z liderÃ³w #Konfederacja,pl,2020-09-22 08:59:47
1308296700017086466,1308284896670965762,2020-09-22,08:46:54,"@RuchNarodowy @GregO03120995 Qnfederacja nierobÃ³w, z tym przebiegÅ‚ym rabe.  https://t.co/W38l2tO8QF",pl,2020-09-22 08:46:54
1308264872795344901,1308101394663120897,2020-09-22,06:40:26,@RuchNarodowy @PiotrRSzymanski @krzysztofbosak @KONFEDERACJA_ @ArturDziambor 7%.,und,2020-09-22 06:40:26
1308145432917401600,1307994851909267456,2020-09-21,22:45:50,"@RuchNarodowy @krzysztofbosak SÅ‚usznie @krzysztofbosak dostrzega, Å¼e fiksacja na wybranych ideach/wartoÅ›ciach traktowanych jako dobro wspÃ³lne prowadzi do ideologizacji. Jednak dywersyfikacja idei/wartoÅ›ci jest tylko uciekaniem przed tym zagroÅ¼eniem, ktÃ³re zawsze bÄ™dzie jeÅ›li poruszamy siÄ™ Å›wiecie idei. 1/3",pl,2020-09-21 22:45:50
1308143352941076490,1308101394663120897,2020-09-21,22:37:34,@RuchNarodowy @krzysztofbosak @KONFEDERACJA_ @ArturDziambor Co to za bryka?,pl,2020-09-21 22:37:34
1308140231749664768,1308054802006511618,2020-09-21,22:25:09,@RuchNarodowy Brak decyzji bo muszÄ… zaczekaÄ‡ na kontrasygnatÄ™ Danielsa. Dla PiS-u najwiÄ™kszym problemem jest Prezes i Jego genialnoÅ›Ä‡ oraz otoczenie przydupasÃ³w. Elektorat i dobro Polski to juÅ¼ historia...Kaczor jest sam dla Siebie.  https://t.co/9Ss6cbiAp1,pl,2020-09-21 22:25:09
1308107711041736704,1308101394663120897,2020-09-21,20:15:56,@RuchNarodowy @krzysztofbosak @KONFEDERACJA_ @ArturDziambor Tylko proszÄ™ wymieniÄ‡ zamki w szafie z JKM. Czasem udaje mu siÄ™ wyjÅ›Ä‡,pl,2020-09-21 20:15:56
1308104888094777345,1308101394663120897,2020-09-21,20:04:43,@RuchNarodowy @krzysztofbosak @KONFEDERACJA_ @ArturDziambor Co to za samochÃ³d? JakiÅ› amerykaniec?,pl,2020-09-21 20:04:43
1308089877192421376,1307947055067942914,2020-09-21,19:05:04,@RuchNarodowy @krzysztofbosak @WTumanowicz @annabrylka @RobertWinnicki @urbaniak_michal @TudujKrzysztof @ArturDziambor @Kulesza_pl @K_Kaminski_ @KONFEDERACJA_ Zrobone.,pl,2020-09-21 19:05:04
1308085113369092098,1308082637182062592,2020-09-21,18:46:08,"@RuchNarodowy @RobertWinnicki @krzysztofbosak Dalej bÄ™dziecie podpieraÄ‡ siÄ™ swojÄ… ""ekspertkÄ…"" ktÃ³ra nawet formalnie pracowala dla hodowcÃ³w? JesteÅ›cie Å›mieszni ğŸ˜‚ gratulujÄ™ wyborcom tego jak z nich robicie idiotÃ³w.  https://t.co/7Px0OGgl9H",pl,2020-09-21 18:46:08
1308079288701325313,1308057550194081794,2020-09-21,18:23:00,"@RuchNarodowy @PiotrCezary1 @KONFEDERACJA_ @RNmazury Chyba bardzo pasywny tryb Å¼ycia prowadzi. Brzucho, wiszÄ…ce cycuchy, zapadÅ‚e ramiona i smutny sweterek :( WeÅºta go w obroty.",pl,2020-09-21 18:23:00
1308057326063104001,1307937978996666369,2020-09-21,16:55:43,"@RuchNarodowy @RobertWinnicki @krzysztofbosak W towarzystwie komuchÃ³w, pedaÅ‚Ã³w, zdrajcÃ³w ojczyzny, geszefciarzy, zÅ‚odziei i zwykÅ‚ych gÅ‚upkÃ³w? Co to za sondaÅ¼? Na Å‚eb fortepian Wam zleciaÅ‚? SfajdaliÅ›cie siÄ™ w kalesony? Jaka to pomroczna koncepcja ulÄ™gÅ‚a siÄ™ komuÅ› w Å‚epetynie?",pl,2020-09-21 16:55:43
1308041719926194176,1307937978996666369,2020-09-21,15:53:42,@RuchNarodowy @RobertWinnicki @krzysztofbosak Pan Bosak jedyny w tym towarzystwie. Ale TOWARZYSTWO !!! No nie chwaliÅ‚bym siÄ™.,pl,2020-09-21 15:53:42
1308041111106191360,1307937978996666369,2020-09-21,15:51:17,@RuchNarodowy @RobertWinnicki @krzysztofbosak Co wiÄ™cej to najlepszy wynik wsrÃ³d liderÃ³w z imieniem na K!,pl,2020-09-21 15:51:17
1308040934802821121,1307937978996666369,2020-09-21,15:50:35,@RuchNarodowy @RobertWinnicki @krzysztofbosak  https://t.co/4vFAZlXayN,und,2020-09-21 15:50:35
1308033210308341764,1308004675644534785,2020-09-21,15:19:54,@RuchNarodowy @RobertWinnicki Lubisz Krzysia ? ğŸ˜ˆ,pl,2020-09-21 15:19:54
1308011482634952704,1308004675644534785,2020-09-21,13:53:33,"@RuchNarodowy @PiotrRSzymanski @RobertWinnicki ""Niszczymy Jakubiaka""?",pl,2020-09-21 13:53:33
1307982463646531584,1307971267841134604,2020-09-21,11:58:15,@RuchNarodowy @krzysztofbosak SzczegÃ³lnie w Å›rodku kryzysu gospodarczego podejmowanie takich dziaÅ‚aÅ„ to jest zbrodnia na polskich gospodarstwach rolnych.,pl,2020-09-21 11:58:15
1307972804055359488,1307972227304951809,2020-09-21,11:19:52,"@RuchNarodowy @krzysztofbosak Jest pewna branÅ¼a, w ktÃ³rej dobrze by byÅ‚o zmniejszyÄ‡ produkcjÄ™.  Produkcja szkodliwego prawa.",pl,2020-09-21 11:19:52
1307929013516734464,1307927358184316928,2020-09-21,08:25:51,"@RuchNarodowy @krzysztofbosak WÅ‚aÅ›ciwsze byÅ‚oby sformuÅ‚owanie ""usiÅ‚ujÄ…"". Ustawa jeszcze nie obowiÄ…zuje, trzeba walczyÄ‡ do koÅ„ca i od tego jest prawdziwa opozycja.",pl,2020-09-21 08:25:51
1307792012121452545,1307363825125978114,2020-09-20,23:21:27,@RuchNarodowy @rudek_mirosaw @RobertWinnicki ChÅ‚opcy! KaczyÅ„ski to mÄ…Å¼ stanu. Polacy o tym wiedzÄ…. Pozdrowienia. Dla KaczyÅ„skiego.,pl,2020-09-20 23:21:27
1307755890750173194,1307650716907962368,2020-09-20,20:57:55,"@RuchNarodowy @Razparuk1 @KONFEDERACJA_ Badania europejskie teÅ¼ pokazujÄ…, Å¼e PiS to socjaldemokracja.  https://t.co/nHbNmLJFlN",pl,2020-09-20 20:57:55
1307752020401688581,1307675907180711944,2020-09-20,20:42:33,@RuchNarodowy @RobertWinnicki @wSensie @KONFEDERACJA_ 20% bÄ™dzie za miesiÄ…c,pl,2020-09-20 20:42:33
1307741934082052097,1307675907180711944,2020-09-20,20:02:28,@RuchNarodowy @RobertWinnicki @wSensie @KONFEDERACJA_ Ale nie wg @tvp_info ğŸ˜‚ğŸ˜‚ğŸ˜‚tam macie spadek poniÅ¼ej 10% a na trzeciÄ… siÅ‚Ä™ wypychajÄ… jakieÅ› ugrupowanie ukra HoÅ‚owni...2050 czy coÅ›... #pisowscyKÅ‚amcy #TVPiS,pl,2020-09-20 20:02:28
1307729935377879047,1307696715693260802,2020-09-20,19:14:47,@RuchNarodowy @KONFEDERACJA_ @MichalWawer @WTumanowicz @RobertWinnicki @KarinaBosak @annabrylka @urbaniak_michal @Nieznanski_M @RNMazowsze @krzysztofmulawa Wiec co na tym marszu robila ta rzydowska marionetka Juda??Przeciez on wspiera aborcje!!,pl,2020-09-20 19:14:47
1307710307914186752,1307620518472814592,2020-09-20,17:56:48,@RuchNarodowy @Rafal_Wojcik_ @krzysztofbosak Takie wnioski skÅ‚adali posÅ‚owie przy procedowaniu ustawy o fermach futerkowych  https://t.co/yvEUx3jr5o,pl,2020-09-20 17:56:48
1307710154872418305,1307620518472814592,2020-09-20,17:56:11,@RuchNarodowy @Rafal_Wojcik_ @krzysztofbosak Zakaz hodowli zwierzÄ…t na futro w Polsce oznaczaÅ‚by dla zagranicznych koncernÃ³w duÅ¼e straty na liÅ›cie lobbystÃ³w w polskim Sejmie w 2015 r moÅ¼na znaleÅºÄ‡ informacjÄ™  Å¼e zatrudniajÄ… kancelariÄ™ prawniczÄ… do prowadzenia dziaÅ‚alnoÅ›ci lobbingowej na swojÄ… rzecz.  https://t.co/fK3jGf3u8n,pl,2020-09-20 17:56:11
1307710054808907776,1307620518472814592,2020-09-20,17:55:47,"@RuchNarodowy @Rafal_Wojcik_ @krzysztofbosak Kulisy rozpadu koalicji. O co pokÅ‚Ã³ciÅ‚ siÄ™ Morawiecki z Ziobro ? Morawiecki miaÅ‚ krzyczeÄ‡, Å¼e jeÅ›li Solidarna Polska, na ktÃ³rej czele stoi Ziobro, nie poprze ustawy dotyczÄ…cej bezkarnoÅ›ci politykÃ³w w walce z Covid-19, to lider SP â€ma siÄ™ pakowaÄ‡â€  https://t.co/5AWihNEU1M",pl,2020-09-20 17:55:47
1307699401037676546,1307661957533761542,2020-09-20,17:13:27,@RuchNarodowy @KONFEDERACJA_ @Marsz_dla_Zycia @RobertWinnicki @MichalWawer @KarinaBosak @WTumanowicz @annabrylka @TudujKrzysztof @PUsiadek DziÄ™kujemy za obecnoÅ›Ä‡! ğŸ™‚,pl,2020-09-20 17:13:27
1307665428630700034,1307661957533761542,2020-09-20,14:58:28,@RuchNarodowy @KONFEDERACJA_ @Marsz_dla_Zycia @RobertWinnicki @MichalWawer @KarinaBosak @WTumanowicz @annabrylka @TudujKrzysztof @PUsiadek A na jego czele szedÅ‚ Prezydent @AndrzejDuda,pl,2020-09-20 14:58:28
1307662644233601025,1307661957533761542,2020-09-20,14:47:24,@RuchNarodowy @KONFEDERACJA_ @Marsz_dla_Zycia @RobertWinnicki @MichalWawer @KarinaBosak @WTumanowicz @annabrylka @TudujKrzysztof @PUsiadek PiÄ™kne i zarazem przykre. Dlaczego przykre? Å»e w ogÃ³le musi dochodziÄ‡ do takich marszÃ³w...,pl,2020-09-20 14:47:24
1307648829622235142,1307620518472814592,2020-09-20,13:52:30,"@RuchNarodowy @KONFEDERACJA_ @krzysztofbosak Ja w ogÃ³le przegrzebujÄ…c annaÅ‚y historii myÅ›li politycznej wciÄ…Å¼ zachodzÄ™ w gÅ‚owÄ™ kto i jak wymyÅ›liÅ‚, Å¼eby KonfederacjÄ™ nazywaÄ‡ prawicÄ… ğŸ˜²",pl,2020-09-20 13:52:30
1307644944266469376,1307643165927600128,2020-09-20,13:37:04,"@RuchNarodowy @DamianAdamus Prosze zapamietac, iz wzorcem opartym na skrajnie odlotowych modelach zachodnich, caly przemysl hodowlany bedzie w centrum zmasowanego ataku - bez wyjatku. Pandora's  box effect...",pl,2020-09-20 13:37:04
1307643489161797632,1307624291735756801,2020-09-20,13:31:17,@RuchNarodowy DziÄ™kujÄ™.  https://t.co/7UdH7lGUuf,pl,2020-09-20 13:31:17
1307643069404270594,1307620518472814592,2020-09-20,13:29:37,"@RuchNarodowy @KONFEDERACJA_ @krzysztofbosak KaczyÅ„ski ma profil psychologiczny psychopaty. PsychopatÃ³w w polityce i gospodarce jest wielu.Wielu chirurgÃ³w jest psychopatami. Tacy ludzie sÄ… bezwzglÄ™dni i zdolni do wszystkiego. LubiÄ… manipulowaÄ‡, lubiÄ… graÄ‡ ludzkim istnieniem. Nie chodzi o dobre serduszko. To pewne. #Mercosur",pl,2020-09-20 13:29:37
1307629194642325504,1307620518472814592,2020-09-20,12:34:29,@RuchNarodowy @krzysztofbosak ğŸ‘dokladnie,pl,2020-09-20 12:34:29
1307627816062783489,1307627816062783489,2020-09-20,12:29:00,@RuchNarodowy KrakÃ³w na Marszu dla Å»ycia i Rodziny :)  #MarszDlaÅ»ycia  #RuchNarodowy  https://t.co/w4WKhsLv54,pl,2020-09-20 12:29:00
1307621523050635264,1307197730620547074,2020-09-20,12:04:00,"@RuchNarodowy @RobertWinnicki PROSZÄ˜ MÃ“WIÄ† Å»E LEWICA PEO I PIS WPROWADZAJÄ„ W POLSCE USTAWY NAZISTOWSKIE I RASISTOWSKIE!!!  ZAKAZUBOJU RYTUALNEGO JEST USTAWÄ„ RASISTOWSKÄ„, BO POZWALA TYLKO Å»YDOM DOKONAÄ† TAKIEGO UBOJU!!  ARABOM, POLAKOM JUÅ» NIE!! PRZECIEÅ» TO SEGREGACJA RASOWA!!! LEWICA TO PARTIA NAZISTOWSKA!!",pl,2020-09-20 12:04:00
1307617121199886336,1307612967798583297,2020-09-20,11:46:30,"@RuchNarodowy @krzysztofbosak Im wlasnie o to chodzi zeby wyjsc na ulice, po to jest to robione",pl,2020-09-20 11:46:30
1307613995256479746,1307605417862856707,2020-09-20,11:34:05,@RuchNarodowy byle nie katolicka.,pl,2020-09-20 11:34:05
1307606016922726401,1307605417862856707,2020-09-20,11:02:23,@RuchNarodowy ğŸ‘ğŸ‘ğŸ‘ğŸ‘ğŸ‘,und,2020-09-20 11:02:23
1307602907349635072,1306625480020439040,2020-09-20,10:50:01,@RuchNarodowy @KONFEDERACJA_ Brawa i wielkie podziÄ™kowania za WaszÄ… prace i zaangaÅ¼owanie w budowie i przekazie tego ci dobre i wÅ‚aÅ›ciwe dla dobra Polski i PolakÃ³w,pl,2020-09-20 10:50:01
1307384410501771266,1307341177323044865,2020-09-19,20:21:48,"@RuchNarodowy @krzysztofbosak DokÅ‚adnie tak ...czas dziaÅ‚a tu mocno na korzyÅ›Ä‡ dobrego prawa, jest on potrzebny na zorganizowanie realnego i skutecznego lobbingu wszystkich Å›rodowisk ...praktycznie caÅ‚ego rolnictwa i hodowli, ktÃ³re to najbardziej uderzy a siÄ™ przemilcza-ceny Å¼ywca,pasz,utylizacja+,bezrobocie+",pl,2020-09-19 20:21:48
1307367347964071936,1307363825125978114,2020-09-19,19:14:00,"@RuchNarodowy @RobertWinnicki Na Podkarpaciu jest kilka farm norek.  ""Wrze"" na Podkarpaciu.  Ale pedalska Konfederacja uratuje rolnikÃ³w przed podÅ‚ym PiSem!  PrywatyzacjÄ… rodem z lat 90, likwidacjÄ… pomocy dla rolnikÃ³w, bo ""dotacje sÄ… zÅ‚e"" i programÃ³w spoÅ‚, bo ""tworzy pasoÅ¼ytÃ³w"".  WieÅ› pokocha pedalskÄ… KonfÄ™!",pl,2020-09-19 19:14:00
1307345719297179656,1307295879317970944,2020-09-19,17:48:03,"@RuchNarodowy @krzysztofbosak @KONFEDERACJA_ skÄ…d wiadomo, Å¼e to patrioci?",pl,2020-09-19 17:48:03
1307339686873047048,1307295879317970944,2020-09-19,17:24:05,@RuchNarodowy @krzysztofbosak @KONFEDERACJA_ jakich patriotÃ³w? raczej beneficjentÃ³w socjalu wszelkigo plus,pl,2020-09-19 17:24:05
1307337241061208064,1307295879317970944,2020-09-19,17:14:22,@RuchNarodowy @krzysztofbosak @KONFEDERACJA_ SÄ… rÃ³Å¼ne formy patriotyzmu... niemieccy faszyÅ›ci rÃ³wnieÅ¼ byli patriotami... oddawali Å¼ycie za swojÄ… ojczyznÄ™... mordowali w imiÄ™ patriotyzmu... dlatego mam duÅ¼Ä… wÄ…tpliwoÅ›Ä‡ gdy Ruch Narodowy wnosi patrioryzm na sztandary... za taki patriotyzm dziÄ™kujÄ™,pl,2020-09-19 17:14:22
1307328622127005696,1307326079145619456,2020-09-19,16:40:07,@RuchNarodowy  https://t.co/tfwaC1NY9o,und,2020-09-19 16:40:07
1307327608812695553,1307295879317970944,2020-09-19,16:36:05,"@RuchNarodowy @KONFEDERACJA_ Konfederacja bez korwina,brauna i TPPR.Tylko taka wygra",pl,2020-09-19 16:36:05
1307320682070659072,1307295879317970944,2020-09-19,16:08:34,"@RuchNarodowy @krzysztofbosak @KONFEDERACJA_ Zwlaszcza jak ktoÅ› lubi Å›redniowiecze, brak moÅ¼liwoÅ›ci podrÃ³Å¼owania, lobbing na rzecz prywatnych przedsiÄ™biorcÃ³w, kupowanie 5 piw, brak racjonalnego programu gospodarczego, bunkier pod CPK, kobiety ktore nie krzyczÄ…, oraz ma sentyment do bycia satelita Rosji... mozna tak dÅ‚ugo...",pl,2020-09-19 16:08:34
1307311985726554116,1307295879317970944,2020-09-19,15:34:00,@RuchNarodowy @KONFEDERACJA_ Targowisko otwarte 24h.,pl,2020-09-19 15:34:00
1307308230599684101,1307295879317970944,2020-09-19,15:19:05,"@RuchNarodowy @KONFEDERACJA_  https://t.co/vNg0KojUgQ Propaganda zrobiÅ‚a swoje i ludzie ci w wiÄ™kszoÅ›ci dali siÄ™ omamiÄ‡ medialnej papce wtÅ‚aczanej caÅ‚ymi dniami na wszystkich kanaÅ‚ach za ich wÅ‚asne pieniÄ…dze. Teraz czujÄ… siÄ™ zdradzeni i porzuceni, wykorzystani do walki o wÅ‚adzÄ™ i opluci butÄ…""wybraÅ„cÃ³w"". ğŸ˜¡â˜¹ï¸",pl,2020-09-19 15:19:05
1307302307776823301,1307265679393845252,2020-09-19,14:55:33,@RuchNarodowy @KONFEDERACJA_ Z tego co slychac w kuluarach pislandu ustawa jest wciaz na stole a Ziobro szantazowany do jej podpisania! To chyba jeszcze nie koniec Bezkarnosci +???,pl,2020-09-19 14:55:33
1307300601399779329,1307295879317970944,2020-09-19,14:48:46,"@RuchNarodowy @krzysztofbosak @KONFEDERACJA_ Patriota pÅ‚aci podatki na paÅ„stwo, w tym wojsko.",pl,2020-09-19 14:48:46
1307300478401875973,1307295879317970944,2020-09-19,14:48:17,@RuchNarodowy @krzysztofbosak @KONFEDERACJA_  https://t.co/BVJ2hzaUNo,und,2020-09-19 14:48:17
1307299253673439232,1307295879317970944,2020-09-19,14:43:25,"@RuchNarodowy @krzysztofbosak @KONFEDERACJA_ PIS i Konfederacja nie majÄ… nic wspÃ³lnego z patriotyzmem i dzialajÄ… na izolacjÄ™ Polski za granicÄ…, a wiÄ™c prorosyjsko. Obie te partie sÄ… antypolskie.  ğŸ™‚",pl,2020-09-19 14:43:25
1307297938062929922,1307295879317970944,2020-09-19,14:38:11,"@RuchNarodowy @KONFEDERACJA_ Zawiedzeni wyborcy PiSu nadal twierdzÄ…, Å¼e Konfederacja jest tÄ™czowa i nie jest alternatywÄ… (bo przecieÅ¼ prezes powiedziaÅ‚, Å¼e Konfederacja ma powiÄ…zania z RosjÄ…). Z takÄ… logikÄ… wygraÄ‡ siÄ™ nie da. xD",pl,2020-09-19 14:38:11
1307271740494696449,1307254353779064832,2020-09-19,12:54:05,@RuchNarodowy @PiotrRSzymanski @KONFEDERACJA_ @RobertWinnicki Kto to jest Winnicki?,pl,2020-09-19 12:54:05
1307251812190257153,1307224154857443328,2020-09-19,11:34:54,@RuchNarodowy @KONFEDERACJA_ #konfederacja z poparciem 6% ğŸ˜‚ğŸ˜‚ğŸ˜‚ğŸ˜‚ğŸ˜‚ na granicy progu wyborczego @KONFEDERACJA_ #wieszwiÄ™cej #jedziemy  https://t.co/RDZJF9LNAb,pl,2020-09-19 11:34:54
1307230909041696770,1307216605072494592,2020-09-19,10:11:50,@RuchNarodowy A czy to ma znaczenie jeÅ›li ktoÅ›  chce/ma  przejÄ…Ä‡ ten rynek. A dla kogo zrobiono wyjÄ…tek na polskim rynku?  I czy ci uprzywilejowani mogÄ… prowadziÄ‡ dziaÅ‚alnoÅ›Ä‡ gospodarczÄ… ? -  ano mogÄ….,pl,2020-09-19 10:11:50
1307229139938795524,1307224154857443328,2020-09-19,10:04:48,"@RuchNarodowy @KONFEDERACJA_ Gdyby @krzysztofbosak nie Å¼uÅ‚ nachalnie gumy, z ktÃ³rÄ… nie wiadomo co potem zrobiÅ‚ byÅ‚oby pewnie kilka oczek wiÄ™cej ğŸ˜‚",pl,2020-09-19 10:04:48
1307212309572583424,1307209055392403457,2020-09-19,08:57:56,@RuchNarodowy  https://t.co/B8V2QBr17U,und,2020-09-19 08:57:56
1307199091391311872,1307197730620547074,2020-09-19,08:05:24,"@RuchNarodowy JakoÅ› wÄ…tpiÄ™ w nich...Nie majÄ… chÄ™ci poruszyÄ‡ tematu,wyzysku PolakÃ³w dla dobra UkraiÅ„cÃ³w.",pl,2020-09-19 08:05:24
1307108047060373505,1306949816040263682,2020-09-19,02:03:37,"@RuchNarodowy @BartoszKowara @RobertWinnicki Tylko czy kiedykolwiek byÅ‚ liderem PrawicyğŸ¤”ğŸ¤”ğŸ¤”ğŸ¤”, przecieÅ¼ po Magdalence jest ustalone Å¼e Prawica nigdy nie ma prawa zdobyÄ‡ wladzy.",pl,2020-09-19 02:03:37
